Workbook

Sheet WBS
A1: 인공지능&빅데이터 서비스 기반 홈트레이닝 구독 서비스 | W1: 계획진도율 | X1: =W5 -> 0.705
W2: 전체진행률 | X2: =X5 -> 0.51458333 | Z2: 1주차 | AH2: 2주차 | AO2: 3주차 | AV2: 4주차 | BC2: 5주차 | BJ2: 6주차
Z3: 45973 | AA3: 45974 | AB3: 45975 | AC3: 45976 | AD3: 45977 | AE3: 45978 | AF3: 45979 | AG3: 45980 | AH3: 45981 | AI3: 45982 | AJ3: 45983 | AK3: 45984 | AL3: 45985 | AM3: 45986 | AN3: 45987 | AO3: 45988 | AP3: 45989 | AQ3: 45990 | AR3: 45991 | AS3: 45992 | AT3: 45993 | AU3: 45994 | AV3: 45995 | AW3: 45996 | AX3: 45997 | AY3: 45998 | AZ3: 45999 | BA3: 46000 | BB3: 46001 | BC3: 46002 | BD3: 46003 | BE3: 46004 | BF3: 46005 | BG3: 46006 | BH3: 46007 | BI3: 46008 | BJ3: 46009 | BK3: 46010 | BL3: 46011 | BM3: 46012 | BN3: 46013 | BO3: 46014 | BP3: 46015
A4: WBS | B4: 태스크 | C4: 도입기업 담당자 | D4: 공급기업 담당자 | E4: 상태 | F4: 계획 시작일 | G4: 계획 종료일 | H4: 기간 | K4: 자원(MM) | L4: 예산(만원) | M4: 우선순위 | N4: 기간 | O4: 투입계획M/D | P4: 투입실적M/D | Q4: 방문근무M/D | R4: 도입기업방문자 | S4: 산출물 | T4: 실제 시작일 | U4: 실제 종료일 | V4: 가중치 (100%) | W4: 계획 진도율 | X4: 실제 진척도 | Z4: 작업일정계획
A5: 1 | B5: 전체 프로젝트 | D5: - | E5: =IF(AND(X5>0%,X5<100%),"진행 중",IF(X5=0%,"작업 대기","작업 완료")) -> 진행 중 | F5: 45973 | G5: 45975 | H5: =NETWORKDAYS(F5,G5) -> 3 | I5: =G5-F5 -> 2 | J5: =F5+(INT(I5*X5)) -> 45974 | K5: =SUM(#REF!,K7,K16) -> #REF! | L5: =VLOOKUP(A5,Prj_list!$A$5:$K$59,10,FALSE)/10000 -> 300 | M5: =VLOOKUP(A5,Prj_list!$A$5:$I$59,9,FALSE) -> 2 | N5: =G5-F5 -> 2 | O5: =SUM(O68,O63,O19,O12,O6) -> 214 | W5: =W6+W12+W19+W63+W68 -> 0.705 | X5: =X6+X12+X19+X63+X68 -> 0.51458333
A6: 1.1 | B6: 분석단계(AD) | E6: 진행 중 | F6: =IF(MIN(F7:F10)=0,"",MIN(F7:F10)) -> 45973 | G6: =IF(MAX(G7:G10)=0,"",MAX(G7:G10)) -> 45980 | H6: =NETWORKDAYS(F6,G6) -> 6 | I6: =G6-F6 -> 7 | J6: =IF(X6=0,F6-1,F6+(INT(I6*X6))) -> 45973 | N6: =G6-F6 -> 7 | O6: =SUM(O7:O10) -> 0 | S6: 업무 분석 및 설계 | T6: =IF(MIN(T7:T10)=0,"",MIN(T7:T10)) -> 45973 | U6: 45974 | V6: 0.15 | W6: =AVERAGE(W7:W10)*V6 -> 0.135 | X6: =AVERAGE(X7:X10)*V6 -> 0.12375
A7: 1.1.1 | B7: 프로젝트 범위 정의 | C7: TFT | E7: =IF(AND(X7>0%,X7<100%),"진행 중",IF(X7=0%,"작업 대기","작업 완료")) -> 작업 완료 | F7: 45973 | G7: 45974 | H7: =NETWORKDAYS(F7,G7) -> 2 | I7: =G7-F7 -> 1 | J7: =IF(X7=0,F7-1,F7+(INT(I7*X7))) -> 45974 | N7: =(G7-F7)+1 -> 2 | O7: 0 | S7: 고객요구사항 명세서 | T7: 45973 | U7: 45974 | W7: 1 | X7: 1
A8: 1.1.2 | B8: 주요 기능 및 아이디어 정리 | C8: TFT | E8: =IF(AND(X8>0%,X8<100%),"진행 중",IF(X8=0%,"작업 대기","작업 완료")) -> 작업 완료 | F8: 45974 | G8: 45975 | H8: =NETWORKDAYS(F8,G8) -> 2 | I8: =G8-F8 -> 1 | J8: =IF(X8=0,F8-1,F8+(INT(I8*X8))) -> 45975 | N8: =(G8-F8)+1 -> 2 | O8: 0 | S8: 고객요구사항 명세서 | T8: 45974 | U8: 45975 | W8: 1 | X8: 1
A9: 1.1.3 | B9: 요구사항 정의 | C9: PM,TFT | E9: =IF(AND(X9>0%,X9<100%),"진행 중",IF(X9=0%,"작업 대기","작업 완료")) -> 진행 중 | F9: 45978 | G9: 45979 | H9: =NETWORKDAYS(F9,G9) -> 2 | I9: =G9-F9 -> 1 | J9: =IF(X9=0,F9-1,F9+(INT(I9*X9))) -> 45978 | N9: =(G9-F9)+1 -> 2 | O9: 0 | S9: 개선 업무 절차 흐름도 | T9: 45978 | U9: 45979 | W9: 0.8 | X9: 0.8
A10: 1.1.4 | B10: 데이터 수집 계획 수립 | C10: PM,TFT | E10: =IF(AND(X10>0%,X10<100%),"진행 중",IF(X10=0%,"작업 대기","작업 완료")) -> 진행 중 | F10: 45978 | G10: 45980 | H10: =NETWORKDAYS(F10,G10) -> 3 | I10: =G10-F10 -> 2 | J10: =IF(X10=0,F10-1,F10+(INT(I10*X10))) -> 45979 | N10: =(G10-F10)+1 -> 3 | O10: 0 | S10: 개선 업무 절차 흐름도 | T10: 45978 | W10: 0.8 | X10: 0.5
A12: 1.2 | B12: 설계(TD) | E12: =IF(AND(X12>0%,X12<100%),"진행 중",IF(X12=0%,"작업 대기","작업 완료")) -> 진행 중 | F12: =IF(MIN(F13:F18)=0,"",MIN(F13:F18)) -> 45981 | G12: =IF(MAX(G13:G18)=0,"",MAX(G13:G18)) -> 45984 | H12: =NETWORKDAYS(F12,G12) -> 2 | I12: =G12-F12 -> 3 | J12: =IF(X12=0,F12-1,F12+(INT(I12*X12))) -> 45981 | N12: =G12-F12 -> 3 | O12: =SUM(O13:O15) -> 9 | S12: 기술설계 | T12: =IF(MIN(T13:T18)=0,"",MIN(T13:T18)) -> 45979 | U12: =IF(MAX(U13:U18)=0,"",MAX(U13:U18)) -> 45987 | V12: 0.25 | W12: =AVERAGE(W13:W18)*V12 -> 0.22 | X12: =AVERAGE(X13:X18)*V12 -> 0.12
A13: 1.2.1 | B13: 메뉴정의 | C13: TFT | E13: =IF(AND(X13>0%,X13<100%),"진행 중",IF(X13=0%,"작업 대기","작업 완료")) -> 진행 중 | F13: 45981 | G13: 45984 | H13: =NETWORKDAYS(F13,G13) -> 2 | I13: =G13-F13 -> 3 | J13: =IF(X13=0,F13-1,F13+(INT(I13*X13))) -> 45983 | N13: =(G13-F13)+1 -> 4 | O13: 2 | S13: 프로그램 일람표 | T13: 45979 | U13: 45979 | W13: 0.8 | X13: 0.8
A14: 1.2.2 | B14: 화면설계 | C14: 강혁 | E14: =IF(AND(X14>0%,X14<100%),"진행 중",IF(X14=0%,"작업 대기","작업 완료")) -> 진행 중 | F14: 45981 | G14: 45984 | H14: =NETWORKDAYS(F14,G14) -> 2 | I14: =G14-F14 -> 3 | N14: =(G14-F14)+1 -> 4 | O14: 3 | S14: 화면목록 및 명세서 | T14: 45987 | U14: 45987 | W14: 0.8 | X14: 0.8
A15: 1.2.3 | B15: DataBase 설계(래) | C15: 강혁 | E15: =IF(AND(X15>0%,X15<100%),"진행 중",IF(X15=0%,"작업 대기","작업 완료")) -> 진행 중 | F15: 45981 | G15: 45984 | H15: =NETWORKDAYS(F15,G15) -> 2 | I15: =G15-F15 -> 3 | J15: =IF(X15=0,F15-1,F15+(INT(I15*X15))) -> 45983 | N15: =(G15-F15)+1 -> 4 | O15: 4 | S15: Table layout 정의서 | T15: 45979 | U15: 45981 | W15: 0.8 | X15: 0.8
W17: 1 | X17: 0
W18: 1 | X18: 0
A19: 1.3 | B19: 코딩(CD) | E19: =IF(AND(X19>0%,X19<100%),"진행 중",IF(X19=0%,"작업 대기","작업 완료")) -> 진행 중 | F19: =IF(MIN(F20:F62)=0,"",MIN(F20:F62)) -> 45980 | G19: =IF(MAX(G20:G62)=0,"",MAX(G20:G62)) -> 46008 | H19: =NETWORKDAYS(F19,G19) -> 21 | I19: =G19-F19 -> 28 | J19: =IF(X19=0,F19-1,F19+(INT(I19*X19))) -> 45987 | N19: =G19-F19 -> 28 | O19: =SUM(O20:O61) -> 160 | S19: 개발 | V19: 0.35 | W19: =AVERAGE(W20:W62)*V19 -> 0.35 | X19: =AVERAGE(X20:X62)*V19 -> 0.27083333
A20: 1.3.1 | B20: 회원기능 - 계정생성(비) | E20: =IF(AND(X20>0%,X20<100%),"진행 중",IF(X20=0%,"작업 대기","작업 완료")) -> 작업 완료 | F20: 45980 | G20: 45981 | H20: =NETWORKDAYS(F20,G20) -> 2 | I20: =G20-F20 -> 1 | J20: =IF(X20=0,F20-1,F20+(INT(I20*X20))) -> 45981 | N20: =(G20-F20)+1 -> 2 | O20: 2 | S20: 프로그램 Source | T20: 45980 | U20: 45981 | W20: 1 | X20: 1
B21: 회원기능 - 계정생성(현) | E21: =IF(AND(X21>0%,X21<100%),"진행 중",IF(X21=0%,"작업 대기","작업 완료")) -> 작업 완료 | F21: 45980 | G21: 45981 | H21: =NETWORKDAYS(F21,G21) -> 2 | I21: =G21-F21 -> 1 | J21: =IF(X21=0,F21-1,F21+(INT(I21*X21))) -> 45981 | N21: =(G21-F21)+1 -> 2 | T21: 45980 | U21: 45989 | W21: 1 | X21: 1
A22: 1.3.2 | B22: 회원기능 - 로그인(비) | E22: =IF(AND(X22>0%,X22<100%),"진행 중",IF(X22=0%,"작업 대기","작업 완료")) -> 작업 완료 | F22: 45981 | G22: 45982 | H22: =NETWORKDAYS(F22,G22) -> 2 | I22: =G22-F22 -> 1 | J22: =IF(X22=0,F22-1,F22+(INT(I22*X22))) -> 45982 | N22: =(G22-F22)+1 -> 2 | O22: 39 | S22: 프로그램 Source | T22: 45980 | U22: 45981 | W22: 1 | X22: 1
B23: 회원기능 - 로그인(현) | E23: =IF(AND(X23>0%,X23<100%),"진행 중",IF(X23=0%,"작업 대기","작업 완료")) -> 작업 완료 | F23: 45981 | G23: 45982 | H23: =NETWORKDAYS(F23,G23) -> 2 | I23: =G23-F23 -> 1 | J23: =IF(X23=0,F23-1,F23+(INT(I23*X23))) -> 45982 | N23: =(G23-F23)+1 -> 2 | T23: 45989 | U23: 45989 | W23: 1 | X23: 1
A24: 1.3.3 | B24: 회원기능 - 로그아웃(비) | E24: =IF(AND(X24>0%,X24<100%),"진행 중",IF(X24=0%,"작업 대기","작업 완료")) -> 작업 완료 | F24: 45985 | G24: 45986 | H24: =NETWORKDAYS(F24,G24) -> 2 | I24: =G24-F24 -> 1 | J24: =IF(X24=0,F24-1,F24+(INT(I24*X24))) -> 45986 | N24: =(G24-F24)+1 -> 2 | O24: 39 | S24: 프로그램 Source | T24: 45980 | U24: 45981 | W24: 1 | X24: 1
B25: 회원기능 - 로그아웃(현) | E25: =IF(AND(X25>0%,X25<100%),"진행 중",IF(X25=0%,"작업 대기","작업 완료")) -> 작업 완료 | F25: 45985 | G25: 45986 | H25: =NETWORKDAYS(F25,G25) -> 2 | I25: =G25-F25 -> 1 | J25: =IF(X25=0,F25-1,F25+(INT(I25*X25))) -> 45986 | N25: =(G25-F25)+1 -> 2 | T25: 45989 | U25: 45989 | W25: 1 | X25: 1
A26: 1.3.4 | B26: 회원기능 - 비밀번호 재설정/탈퇴(비) | E26: =IF(AND(X26>0%,X26<100%),"진행 중",IF(X26=0%,"작업 대기","작업 완료")) -> 작업 완료 | F26: 45992 | G26: 45993 | H26: =NETWORKDAYS(F26,G26) -> 2 | I26: =G26-F26 -> 1 | J26: =IF(X26=0,F26-1,F26+(INT(I26*X26))) -> 45993 | N26: =(G26-F26)+1 -> 2 | O26: 20 | S26: 프로그램 Source | T26: 45980 | U26: 45981 | W26: 1 | X26: 1
B27: 회원기능 - 비밀번호 재설정/탈퇴(현) | E27: =IF(AND(X27>0%,X27<100%),"진행 중",IF(X27=0%,"작업 대기","작업 완료")) -> 작업 완료 | F27: 45992 | G27: 45993 | H27: =NETWORKDAYS(F27,G27) -> 2 | I27: =G27-F27 -> 1 | J27: =IF(X27=0,F27-1,F27+(INT(I27*X27))) -> 45993 | N27: =(G27-F27)+1 -> 2 | T27: 45989 | U27: 45989 | W27: 1 | X27: 1
A28: 1.3.5 | B28: 회원기능 - 개인정보 관리(비) | E28: =IF(AND(X28>0%,X28<100%),"진행 중",IF(X28=0%,"작업 대기","작업 완료")) -> 작업 완료 | F28: 45993 | G28: 45994 | H28: =NETWORKDAYS(F28,G28) -> 2 | I28: =G28-F28 -> 1 | J28: =IF(X28=0,F28-1,F28+(INT(I28*X28))) -> 45994 | N28: =(G28-F28)+1 -> 2 | O28: 10 | S28: 프로그램 Source | T28: 45980 | U28: 45981 | W28: 1 | X28: 1
B29: 회원기능 - 개인정보 관리(비) | E29: =IF(AND(X29>0%,X29<100%),"진행 중",IF(X29=0%,"작업 대기","작업 완료")) -> 작업 완료 | F29: 45993 | G29: 45994 | H29: =NETWORKDAYS(F29,G29) -> 2 | I29: =G29-F29 -> 1 | J29: =IF(X29=0,F29-1,F29+(INT(I29*X29))) -> 45994 | N29: =(G29-F29)+1 -> 2 | T29: 45992 | U29: 45994 | W29: 1 | X29: 1
A30: 1.3.6 | B30: 회원기능 - 게시글 관리(비) | E30: =IF(AND(X30>0%,X30<100%),"진행 중",IF(X30=0%,"작업 대기","작업 완료")) -> 작업 완료 | F30: 45994 | G30: 45995 | H30: =NETWORKDAYS(F30,G30) -> 2 | I30: =G30-F30 -> 1 | J30: =IF(X30=0,F30-1,F30+(INT(I30*X30))) -> 45995 | N30: =(G30-F30)+1 -> 2 | O30: 10 | S30: 프로그램 Source | T30: 45982 | U30: 45982 | W30: 1 | X30: 1
B31: 회원기능 - 게시글 관리(비) | E31: =IF(AND(X31>0%,X31<100%),"진행 중",IF(X31=0%,"작업 대기","작업 완료")) -> 작업 완료 | F31: 45994 | G31: 45995 | H31: =NETWORKDAYS(F31,G31) -> 2 | I31: =G31-F31 -> 1 | J31: =IF(X31=0,F31-1,F31+(INT(I31*X31))) -> 45995 | N31: =(G31-F31)+1 -> 2 | T31: 45992 | U31: 45994 | W31: 1 | X31: 1
A32: 1.3.7 | B32: 구독기능 - 구독 서비스 관리(현) | E32: =IF(AND(X32>0%,X32<100%),"진행 중",IF(X32=0%,"작업 대기","작업 완료")) -> 작업 대기 | F32: 45986 | G32: 45987 | N32: =(G32-F32)+1 -> 2 | W32: 1 | X32: 0
A33: 1.3.8 | B33: 구독기능 - 관절 가동범위 관리(현) | E33: =IF(AND(X33>0%,X33<100%),"진행 중",IF(X33=0%,"작업 대기","작업 완료")) -> 작업 대기 | F33: 45987 | G33: 45988 | N33: =(G33-F33)+1 -> 2 | W33: 1 | X33: 0
A34: 1.3.9 | B34: 구독기능 - 관절 가동범위 조회(현) | E34: =IF(AND(X34>0%,X34<100%),"진행 중",IF(X34=0%,"작업 대기","작업 완료")) -> 작업 대기 | F34: 45988 | G34: 45989 | N34: =(G34-F34)+1 -> 2 | W34: 1 | X34: 0
A35: 1.3.10 | B35: 신체정보 - 신체정보 관리(래) | E35: 작업 완료 | F35: 45987 | G35: 45989 | N35: =(G35-F35)+1 -> 3 | T35: 45987 | U35: 45995 | W35: 1 | X35: 1
A36: 1.3.11 | B36: 신체정보 - 신체정보 자동 갱신(래) | E36: 작업 완료 | F36: 45992 | G36: 45993 | N36: =(G36-F36)+1 -> 2 | T36: 45987 | U36: 45995 | W36: 1 | X36: 1
A37: 1.3.12 | B37: 신체정보 - 신체정보 이력 관리(래) | E37: 진행중 | F37: 45994 | G37: 45995 | N37: =(G37-F37)+1 -> 2 | T37: 45987 | W37: 1 | X37: 0.7
A38: 1.3.13 | B38: 맞춤형기능 - 개인 상세 정보 기입 | E38: 작업 대기 | F38: 45996 | G38: 45998 | N38: =(G38-F38)+1 -> 3 | W38: 1 | X38: 0
A39: 1.3.14 | B39: 맞춤형기능 - 체력 측정 기능 | E39: =IF(AND(X39>0%,X39<100%),"진행 중",IF(X39=0%,"작업 대기","작업 완료")) -> 작업 대기 | F39: 45999 | G39: 46002 | N39: =(G39-F39)+1 -> 4 | W39: 1 | X39: 0
A40: 1.3.15 | B40: 맞춤형기능 - 기간별 루틴 제공 | E40: =IF(AND(X40>0%,X40<100%),"진행 중",IF(X40=0%,"작업 대기","작업 완료")) -> 작업 완료 | F40: 45992 | G40: 45993 | H40: =NETWORKDAYS(F40,G40) -> 2 | I40: =G40-F40 -> 1 | J40: =IF(X40=0,F40-1,F40+(INT(I40*X40))) -> 45993 | N40: =(G40-F40)+1 -> 2 | O40: 10 | S40: 프로그램 Source | T40: 45989 | U40: 45994 | W40: 1 | X40: 1
A41: 1.3.16 | B41: 맞춤형기능 - 기간별 식단 제공 | E41: =IF(AND(X41>0%,X41<100%),"진행 중",IF(X41=0%,"작업 대기","작업 완료")) -> 작업 완료 | F41: 45993 | G41: 45994 | H41: =NETWORKDAYS(F41,G41) -> 2 | I41: =G41-F41 -> 1 | J41: =IF(X41=0,F41-1,F41+(INT(I41*X41))) -> 45994 | N41: =(G41-F41)+1 -> 2 | O41: 10 | S41: 프로그램 Source | T41: 45989 | U41: 45994 | W41: 1 | X41: 1
A42: 1.3.17 | B42: 맞춤형기능 - 개인 레포트 기능 | E42: =IF(AND(X42>0%,X42<100%),"진행 중",IF(X42=0%,"작업 대기","작업 완료")) -> 작업 대기 | F42: 45994 | G42: 45995 | H42: =NETWORKDAYS(F42,G42) -> 2 | I42: =G42-F42 -> 1 | J42: =IF(X42=0,F42-1,F42+(INT(I42*X42))) -> 45993 | N42: =(G42-F42)+1 -> 2 | O42: 10 | S42: 프로그램 Source | W42: 1 | X42: 0
A43: 1.3.18 | B43: 커뮤니티 - 게시글 관리 | E43: =IF(AND(X43>0%,X43<100%),"진행 중",IF(X43=0%,"작업 대기","작업 완료")) -> 진행 중 | F43: 45980 | G43: 45981 | H43: =NETWORKDAYS(F43,G43) -> 2 | I43: =G43-F43 -> 1 | J43: =IF(X43=0,F43-1,F43+(INT(I43*X43))) -> 45980 | N43: =(G43-F43)+1 -> 2 | T43: 45980 | U43: 45980 | W43: 1 | X43: 0.8
A44: 1.3.19 | B44: 커뮤니티 - 게시글 링크 복사 | E44: =IF(AND(X44>0%,X44<100%),"진행 중",IF(X44=0%,"작업 대기","작업 완료")) -> 작업 완료 | F44: 45980 | G44: 45981 | H44: =NETWORKDAYS(F44,G44) -> 2 | I44: =G44-F44 -> 1 | J44: =IF(X44=0,F44-1,F44+(INT(I44*X44))) -> 45981 | N44: =(G44-F44)+1 -> 2 | T44: 45980 | U44: 45980 | W44: 1 | X44: 1
A45: 1.3.20 | B45: 커뮤니티 - 댓글 관리 | E45: =IF(AND(X45>0%,X45<100%),"진행 중",IF(X45=0%,"작업 대기","작업 완료")) -> 진행 중 | F45: 45980 | G45: 45981 | H45: =NETWORKDAYS(F45,G45) -> 2 | I45: =G45-F45 -> 1 | J45: =IF(X45=0,F45-1,F45+(INT(I45*X45))) -> 45980 | N45: =(G45-F45)+1 -> 2 | T45: 45980 | U45: 45981 | W45: 1 | X45: 0.8
A46: 1.3.21 | B46: 커뮤니티 - 좋아요/싫어요 관리 | E46: =IF(AND(X46>0%,X46<100%),"진행 중",IF(X46=0%,"작업 대기","작업 완료")) -> 작업 완료 | F46: 45980 | G46: 45981 | H46: =NETWORKDAYS(F46,G46) -> 2 | I46: =G46-F46 -> 1 | J46: =IF(X46=0,F46-1,F46+(INT(I46*X46))) -> 45981 | N46: =(G46-F46)+1 -> 2 | T46: 45981 | U46: 45981 | W46: 1 | X46: 1
A47: 1.3.22 | B47: 커뮤니티 - 신고 기능 | E47: =IF(AND(X47>0%,X47<100%),"진행 중",IF(X47=0%,"작업 대기","작업 완료")) -> 작업 완료 | F47: 45980 | G47: 45981 | H47: =NETWORKDAYS(F47,G47) -> 2 | I47: =G47-F47 -> 1 | J47: =IF(X47=0,F47-1,F47+(INT(I47*X47))) -> 45981 | N47: =(G47-F47)+1 -> 2 | T47: 45980 | U47: 45981 | W47: 1 | X47: 1
A48: 1.3.23 | B48: 운동기능 - 운동 영상 제공 | E48: =IF(AND(X48>0%,X48<100%),"진행 중",IF(X48=0%,"작업 대기","작업 완료")) -> 진행 중 | F48: 45980 | G48: 45981 | H48: =NETWORKDAYS(F48,G48) -> 2 | I48: =G48-F48 -> 1 | J48: =IF(X48=0,F48-1,F48+(INT(I48*X48))) -> 45980 | N48: =(G48-F48)+1 -> 2 | T48: 45987 | U48: 45989 | W48: 1 | X48: 0.8
A49: 1.3.24 | B49: 운동기능 - 관절 가동 범위 영상/내용(비) | E49: =IF(AND(X49>0%,X49<100%),"진행 중",IF(X49=0%,"작업 대기","작업 완료")) -> 작업 완료 | F49: 45980 | G49: 45981 | H49: =NETWORKDAYS(F49,G49) -> 2 | I49: =G49-F49 -> 1 | J49: =IF(X49=0,F49-1,F49+(INT(I49*X49))) -> 45981 | N49: =(G49-F49)+1 -> 2 | T49: 45988 | U49: 45988 | W49: 1 | X49: 1
A50: 1.3.25 | B50: 식단기능 - 음식 칼로리 추정(비) | E50: =IF(AND(X50>0%,X50<100%),"진행 중",IF(X50=0%,"작업 대기","작업 완료")) -> 진행 중 | F50: 45980 | G50: 45981 | H50: =NETWORKDAYS(F50,G50) -> 2 | I50: =G50-F50 -> 1 | J50: =IF(X50=0,F50-1,F50+(INT(I50*X50))) -> 45980 | N50: =(G50-F50)+1 -> 2 | T50: 45985 | U50: 45986 | W50: 1 | X50: 0.7
A51: 1.3.26 | B51: 식단기능 - 목적별 식단 분류 | E51: =IF(AND(X51>0%,X51<100%),"진행 중",IF(X51=0%,"작업 대기","작업 완료")) -> 진행 중 | F51: 45980 | G51: 45981 | H51: =NETWORKDAYS(F51,G51) -> 2 | I51: =G51-F51 -> 1 | J51: =IF(X51=0,F51-1,F51+(INT(I51*X51))) -> 45980 | N51: =(G51-F51)+1 -> 2 | T51: 45993 | U51: 45993 | W51: 1 | X51: 0.8
A52: 1.3.27 | B52: 식단기능 - 식품 구매 기능 | E52: =IF(AND(X52>0%,X52<100%),"진행 중",IF(X52=0%,"작업 대기","작업 완료")) -> 작업 완료 | F52: 45980 | G52: 45981 | H52: =NETWORKDAYS(F52,G52) -> 2 | I52: =G52-F52 -> 1 | J52: =IF(X52=0,F52-1,F52+(INT(I52*X52))) -> 45981 | N52: =(G52-F52)+1 -> 2 | T52: 45989 | U52: 45992 | W52: 1 | X52: 1
A53: 1.3.28 | B53: 식단기능 - 식단 인증 기능 | E53: =IF(AND(X53>0%,X53<100%),"진행 중",IF(X53=0%,"작업 대기","작업 완료")) -> 작업 완료 | F53: 45980 | G53: 45981 | H53: =NETWORKDAYS(F53,G53) -> 2 | I53: =G53-F53 -> 1 | J53: =IF(X53=0,F53-1,F53+(INT(I53*X53))) -> 45981 | N53: =(G53-F53)+1 -> 2 | T53: 45993 | U53: 45993 | W53: 1 | X53: 1
A54: 1.3.34 | B54: 알림기능 - 푸시기능 | E54: =IF(AND(X54>0%,X54<100%),"진행 중",IF(X54=0%,"작업 대기","작업 완료")) -> 작업 대기 | F54: 45980 | G54: 45981 | H54: =NETWORKDAYS(F54,G54) -> 2 | I54: =G54-F54 -> 1 | J54: =IF(X54=0,F54-1,F54+(INT(I54*X54))) -> 45979 | N54: =(G54-F54)+1 -> 2 | W54: 1 | X54: 0
A55: 1.3.35 | B55: Q&A기능 - 서비스 관련 질의 제공(비) | E55: =IF(AND(X55>0%,X55<100%),"진행 중",IF(X55=0%,"작업 대기","작업 완료")) -> 작업 완료 | F55: 45980 | G55: 45981 | H55: =NETWORKDAYS(F55,G55) -> 2 | I55: =G55-F55 -> 1 | J55: =IF(X55=0,F55-1,F55+(INT(I55*X55))) -> 45981 | N55: =(G55-F55)+1 -> 2 | T55: 45982 | U55: 45982 | W55: 1 | X55: 1
A56: 1.3.36 | B56: 보상기능 - 출석기능 | E56: =IF(AND(X56>0%,X56<100%),"진행 중",IF(X56=0%,"작업 대기","작업 완료")) -> 작업 완료 | F56: 45980 | G56: 45981 | H56: =NETWORKDAYS(F56,G56) -> 2 | I56: =G56-F56 -> 1 | J56: =IF(X56=0,F56-1,F56+(INT(I56*X56))) -> 45981 | N56: =(G56-F56)+1 -> 2 | T56: 45981 | U56: 45981 | W56: 1 | X56: 1
A57: 1.3.37 | B57: 관리자기능 - 운동 콘텐츠 관리 | E57: =IF(AND(X57>0%,X57<100%),"진행 중",IF(X57=0%,"작업 대기","작업 완료")) -> 작업 완료 | F57: 45980 | G57: 45981 | H57: =NETWORKDAYS(F57,G57) -> 2 | I57: =G57-F57 -> 1 | J57: =IF(X57=0,F57-1,F57+(INT(I57*X57))) -> 45981 | N57: =(G57-F57)+1 -> 2 | T57: 45981 | U57: 45989 | W57: 1 | X57: 1
A58: 1.3.38 | B58: 관리자기능 - 식품 구매 관리 기능 | E58: =IF(AND(X58>0%,X58<100%),"진행 중",IF(X58=0%,"작업 대기","작업 완료")) -> 작업 완료 | F58: 45980 | G58: 45981 | H58: =NETWORKDAYS(F58,G58) -> 2 | I58: =G58-F58 -> 1 | J58: =IF(X58=0,F58-1,F58+(INT(I58*X58))) -> 45981 | N58: =(G58-F58)+1 -> 2 | T58: 45989 | U58: 45989 | W58: 1 | X58: 1
A59: 1.3.39 | B59: 관리자기능 - 회원 관리 기능 | E59: =IF(AND(X59>0%,X59<100%),"진행 중",IF(X59=0%,"작업 대기","작업 완료")) -> 작업 완료 | F59: 45980 | G59: 45981 | H59: =NETWORKDAYS(F59,G59) -> 2 | I59: =G59-F59 -> 1 | J59: =IF(X59=0,F59-1,F59+(INT(I59*X59))) -> 45981 | N59: =(G59-F59)+1 -> 2 | T59: 45986 | U59: 45986 | W59: 1 | X59: 1
A60: 1.3.40 | B60: 관리자기능 - 게시글 관리 기능 | E60: =IF(AND(X60>0%,X60<100%),"진행 중",IF(X60=0%,"작업 대기","작업 완료")) -> 진행 중 | F60: 45980 | G60: 45981 | H60: =NETWORKDAYS(F60,G60) -> 2 | I60: =G60-F60 -> 1 | J60: =IF(X60=0,F60-1,F60+(INT(I60*X60))) -> 45980 | N60: =(G60-F60)+1 -> 2 | T60: 45981 | U60: 45981 | W60: 1 | X60: 0.9
A61: 1.3.10 | E61: =IF(AND(X61>0%,X61<100%),"진행 중",IF(X61=0%,"작업 대기","작업 완료")) -> 작업 대기 | F61: 45985 | G61: 46008 | H61: =NETWORKDAYS(F61,G61) -> 18 | I61: =G61-F61 -> 23 | J61: =IF(X61=0,F61-1,F61+(INT(I61*X61))) -> 45984 | N61: =(G61-F61)+1 -> 24 | O61: 10 | S61: 프로그램 Source | W61: 1 | X61: 0
A63: 1.4 | B63: 테스트 및 이행(TI) | E63: =IF(AND(X63>0%,X63<100%),"진행 중",IF(X63=0%,"작업 대기","작업 완료")) -> 작업 대기 | F63: =IF(MIN(F64:F67)=0,"",MIN(F64:F67)) -> 46009 | G63: =IF(MAX(G64:G67)=0,"",MAX(G64:G67)) -> 46014 | H63: =NETWORKDAYS(F63,G63) -> 4 | I63: =G63-F63 -> 5 | J63: =IF(X63=0,F63-1,F63+(INT(I63*X63))) -> 46008 | N63: =G63-F63 -> 5 | O63: =SUM(O64:O66) -> 42 | S63: 테스트 및 교육 | V63: 0.2 | W63: =AVERAGE(W64:W67)*V63 -> 0 | X63: =AVERAGE(X64:X67)*V63 -> 0
A64: 1.4.1 | B64: 지침서 작성 | C64: TFT | E64: =IF(AND(X64>0%,X64<100%),"진행 중",IF(X64=0%,"작업 대기","작업 완료")) -> 작업 대기 | F64: 46009 | G64: 46010 | H64: =NETWORKDAYS(F64,G64) -> 2 | I64: =G64-F64 -> 1 | J64: =IF(X64=0,F64-1,F64+(INT(I64*X64))) -> 46008 | N64: =(G64-F64)+1 -> 2 | O64: 14 | W64: 0 | X64: 0
A65: 1.4.2 | B65: 단위테스트 | C65: TFT | E65: =IF(AND(X65>0%,X65<100%),"진행 중",IF(X65=0%,"작업 대기","작업 완료")) -> 작업 대기 | F65: 46010 | G65: 46012 | H65: =NETWORKDAYS(F65,G65) -> 1 | I65: =G65-F65 -> 2 | J65: =IF(X65=0,F65-1,F65+(INT(I65*X65))) -> 46009 | N65: =(G65-F65)+1 -> 3 | O65: 14 | W65: 0 | X65: 0
A66: 1.4.3 | B66: 통합테스트 | C66: TFT | E66: =IF(AND(X66>0%,X66<100%),"진행 중",IF(X66=0%,"작업 대기","작업 완료")) -> 작업 대기 | F66: 46012 | G66: 46014 | H66: =NETWORKDAYS(F66,G66) -> 2 | I66: =G66-F66 -> 2 | J66: =IF(X66=0,F66-1,F66+(INT(I66*X66))) -> 46011 | N66: =(G66-F66)+1 -> 3 | O66: 14 | W66: 0 | X66: 0
H67: =NETWORKDAYS(F67,G67) -> 0 | I67: =G67-F67 -> 0 | J67: =IF(X67=0,F67-1,F67+(INT(I67*X67))) -> -1
A68: 1.5 | B68: 사업관리 | E68: =IF(AND(X68>0%,X68<100%),"진행 중",IF(X68=0%,"작업 대기","작업 완료")) -> 작업 대기 | F68: =IF(MIN(F69:F72)=0,"",MIN(F69:F72)) -> 46003 | G68: =IF(MAX(G69:G72)=0,"",MAX(G69:G72)) -> 46017 | H68: =NETWORKDAYS(F68,G68) -> 11 | I68: =G68-F68 -> 14 | J68: =IF(X68=0,F68-1,F68+(INT(I68*X68))) -> 46002 | N68: =G68-F68 -> 14 | O68: =SUM(O69:O71) -> 3 | V68: 0.05 | W68: =AVERAGE(W69:W72)*V68 -> 0 | X68: =AVERAGE(X69:X72)*V68 -> 0
A69: 1.5.1 | B69: PPT 초안 | C69: 강혁 | E69: =IF(AND(X69>0%,X69<100%),"진행 중",IF(X69=0%,"작업 대기","작업 완료")) -> 작업 대기 | F69: 46003 | G69: 46003 | H69: =NETWORKDAYS(F69,G69) -> 1 | I69: =G69-F69 -> 0 | J69: =IF(X69=0,F69-1,F69+(INT(I69*X69))) -> 46002 | N69: =(G69-F69)+1 -> 1 | O69: 1 | S69: 장비설치계획서,장비설치결과서 | W69: 0 | X69: 0
A70: 1.5.2 | B70: PPT 최종안 | C70: 강혁 | E70: =IF(AND(X70>0%,X70<100%),"진행 중",IF(X70=0%,"작업 대기","작업 완료")) -> 작업 대기 | F70: 46010 | G70: 46010 | N70: =(G70-F70)+1 -> 1 | O70: 1 | S70: 장비설치계획서,장비설치결과서 | W70: 0 | X70: 0
A71: 1.5.3 | B71: 프로젝트 발표 | C71: 강혁 | E71: =IF(AND(X71>0%,X71<100%),"진행 중",IF(X71=0%,"작업 대기","작업 완료")) -> 작업 대기 | F71: 46017 | G71: 46017 | H71: =NETWORKDAYS(F71,G71) -> 1 | I71: =G71-F71 -> 0 | J71: =IF(X71=0,F71-1,F71+(INT(I71*X71))) -> 46016 | N71: =(G71-F71)+1 -> 1 | O71: 1 | S71: 장비설치계획서,장비설치결과서 | W71: 0 | X71: 0

Sheet 2012 HR 배정표
A1: O HR 배정표 : 2012 | F1: ※ 매 월별, WBS 코드는 '2012 사업부문' 상에 등록된 1단 코드만 입력합니다. ※ WBS 코드를 배정한 경우, 투입률을 입력합니다. ※ 총 투입률(%)는 당월 기준으로 계산되며, 매월 해당월 열의 입력란에 색상이 표시됩니다. ※ 각 인력자원의 매월 투입률 합계는 100%(일 8시간 근무) 기준이며, +3h까지는 130%(노랑), +6h까지는 160%(주황), 그 이상은 200%(빨강)로 표시되며, 'Overtime'에 해당하므로 피로도 누적으로 생산성 저하의 원인이 됩니다.
A3: No. | B3: 자원 명 | C3: 직무능력 | D3: 투입 프로젝트 (자동 입력됨) | E3: Total | F3: 1 | H3: 2 | J3: 3 | L3: 4 | N3: 5 | P3: 6 | R3: 7 | T3: 8 | V3: 9 | X3: 10 | Z3: 11 | AB3: 12
F4: WBS코드 | G4: 투입(%) | H4: WBS코드 | I4: 투입(%) | J4: WBS코드 | K4: 투입(%) | L4: WBS코드 | M4: 투입(%) | N4: WBS코드 | O4: 투입(%) | P4: WBS코드 | Q4: 투입(%) | R4: WBS코드 | S4: 투입(%) | T4: WBS코드 | U4: 투입(%) | V4: WBS코드 | W4: 투입(%) | X4: WBS코드 | Y4: 투입(%) | Z4: WBS코드 | AA4: 투입(%) | AB4: WBS코드 | AC4: 투입(%)
A5: =IF(ISTEXT(B5)=TRUE,1,"") -> 1 | B5: 홍길동 | D5: =IF(MONTH(TODAY())<7,LEFT('Dummy(notouch)'!B2,15),LEFT('Dummy(notouch)'!C2,15)) | E5: =IF(MONTH(TODAY())=F$3,SUM(G5:G9),IF(MONTH(TODAY())=H$3,SUM(I5:I9),IF(MONTH(TODAY())=J$3,SUM(K5:K9),IF(MONTH(TODAY())=L$3,SUM(M5:M9),IF(MONTH(TODAY())=N$3,SUM(O5:O9),IF(MONTH(TODAY())=P$3,SUM(Q5:Q9),IF(MONTH(TODAY())=R$3,SUM(S5:S9),IF(MONTH(TODAY())=T$3,SUM(U5:U9),IF(MONTH(TODAY())=V$3,SUM(W5:W9),IF(MONTH(TODAY())=X$3,SUM(Y5:Y9),IF(MONTH(TODAY())=Z$3,SUM(AA5:AA9),IF(MONTH(TODAY())=AB$3,SUM(AC5:AC9))))))))))))) -> 0
D6: =IF(MONTH(TODAY())<7,LEFT('Dummy(notouch)'!B3,15),LEFT('Dummy(notouch)'!C3,15))
D7: =IF(MONTH(TODAY())<7,LEFT('Dummy(notouch)'!B4,15),LEFT('Dummy(notouch)'!C4,15))
D8: =IF(MONTH(TODAY())<7,LEFT('Dummy(notouch)'!B5,15),LEFT('Dummy(notouch)'!C5,15))
D9: =IF(MONTH(TODAY())<7,LEFT('Dummy(notouch)'!B6,15),LEFT('Dummy(notouch)'!C6,15))
A10: =IF(ISTEXT(B10)=TRUE,$A5+1,"") -> 2 | B10: 홍길순 | D10: =IF(MONTH(TODAY())<7,LEFT('Dummy(notouch)'!B7,15),LEFT('Dummy(notouch)'!C7,15)) | E10: =IF(MONTH(TODAY())=F$3,SUM(G10:G14),IF(MONTH(TODAY())=H$3,SUM(I10:I14),IF(MONTH(TODAY())=J$3,SUM(K10:K14),IF(MONTH(TODAY())=L$3,SUM(M10:M14),IF(MONTH(TODAY())=N$3,SUM(O10:O14),IF(MONTH(TODAY())=P$3,SUM(Q10:Q14),IF(MONTH(TODAY())=R$3,SUM(S10:S14),IF(MONTH(TODAY())=T$3,SUM(U10:U14),IF(MONTH(TODAY())=V$3,SUM(W10:W14),IF(MONTH(TODAY())=X$3,SUM(Y10:Y14),IF(MONTH(TODAY())=Z$3,SUM(AA10:AA14),IF(MONTH(TODAY())=AB$3,SUM(AC10:AC14))))))))))))) -> 0
D11: =IF(MONTH(TODAY())<7,LEFT('Dummy(notouch)'!B8,15),LEFT('Dummy(notouch)'!C8,15))
D12: =IF(MONTH(TODAY())<7,LEFT('Dummy(notouch)'!B9,15),LEFT('Dummy(notouch)'!C9,15))
D13: =IF(MONTH(TODAY())<7,LEFT('Dummy(notouch)'!B10,15),LEFT('Dummy(notouch)'!C10,15))
D14: =IF(MONTH(TODAY())<7,LEFT('Dummy(notouch)'!B11,15),LEFT('Dummy(notouch)'!C11,15))
A15: =IF(ISTEXT(B15)=TRUE,A10+1,"") -> 3 | B15: 홍길남 | D15: =IF(MONTH(TODAY())<7,LEFT('Dummy(notouch)'!B12,15),LEFT('Dummy(notouch)'!C12,15)) | E15: =IF(MONTH(TODAY())=F$3,SUM(G15:G19),IF(MONTH(TODAY())=H$3,SUM(I15:I19),IF(MONTH(TODAY())=J$3,SUM(K15:K19),IF(MONTH(TODAY())=L$3,SUM(M15:M19),IF(MONTH(TODAY())=N$3,SUM(O15:O19),IF(MONTH(TODAY())=P$3,SUM(Q15:Q19),IF(MONTH(TODAY())=R$3,SUM(S15:S19),IF(MONTH(TODAY())=T$3,SUM(U15:U19),IF(MONTH(TODAY())=V$3,SUM(W15:W19),IF(MONTH(TODAY())=X$3,SUM(Y15:Y19),IF(MONTH(TODAY())=Z$3,SUM(AA15:AA19),IF(MONTH(TODAY())=AB$3,SUM(AC15:AC19))))))))))))) -> 0 | L15: 2 | M15: 0.25 | N15: 2 | O15: 0.25
D16: =IF(MONTH(TODAY())<7,LEFT('Dummy(notouch)'!B13,15),LEFT('Dummy(notouch)'!C13,15))
D17: =IF(MONTH(TODAY())<7,LEFT('Dummy(notouch)'!B14,15),LEFT('Dummy(notouch)'!C14,15))
D18: =IF(MONTH(TODAY())<7,LEFT('Dummy(notouch)'!B15,15),LEFT('Dummy(notouch)'!C15,15))
D19: =IF(MONTH(TODAY())<7,LEFT('Dummy(notouch)'!B16,15),LEFT('Dummy(notouch)'!C16,15))
A20: =IF(ISTEXT(B20)=TRUE,A15+1,"") -> 4 | B20: 홍길천 | D20: =IF(MONTH(TODAY())<7,LEFT('Dummy(notouch)'!B17,15),LEFT('Dummy(notouch)'!C17,15)) | E20: =IF(MONTH(TODAY())=F$3,SUM(G20:G24),IF(MONTH(TODAY())=H$3,SUM(I20:I24),IF(MONTH(TODAY())=J$3,SUM(K20:K24),IF(MONTH(TODAY())=L$3,SUM(M20:M24),IF(MONTH(TODAY())=N$3,SUM(O20:O24),IF(MONTH(TODAY())=P$3,SUM(Q20:Q24),IF(MONTH(TODAY())=R$3,SUM(S20:S24),IF(MONTH(TODAY())=T$3,SUM(U20:U24),IF(MONTH(TODAY())=V$3,SUM(W20:W24),IF(MONTH(TODAY())=X$3,SUM(Y20:Y24),IF(MONTH(TODAY())=Z$3,SUM(AA20:AA24),IF(MONTH(TODAY())=AB$3,SUM(AC20:AC24))))))))))))) -> 0 | J20: 1
D21: =IF(MONTH(TODAY())<7,LEFT('Dummy(notouch)'!B18,15),LEFT('Dummy(notouch)'!C18,15))
D22: =IF(MONTH(TODAY())<7,LEFT('Dummy(notouch)'!B19,15),LEFT('Dummy(notouch)'!C19,15))
D23: =IF(MONTH(TODAY())<7,LEFT('Dummy(notouch)'!B20,15),LEFT('Dummy(notouch)'!C20,15))
D24: =IF(MONTH(TODAY())<7,LEFT('Dummy(notouch)'!B21,15),LEFT('Dummy(notouch)'!C21,15))
A25: =IF(ISTEXT(B25)=TRUE,A20+1,"") -> 5 | B25: 홍상두 | D25: =IF(MONTH(TODAY())<7,LEFT('Dummy(notouch)'!B22,15),LEFT('Dummy(notouch)'!C22,15)) | E25: =IF(MONTH(TODAY())=F$3,SUM(G25:G29),IF(MONTH(TODAY())=H$3,SUM(I25:I29),IF(MONTH(TODAY())=J$3,SUM(K25:K29),IF(MONTH(TODAY())=L$3,SUM(M25:M29),IF(MONTH(TODAY())=N$3,SUM(O25:O29),IF(MONTH(TODAY())=P$3,SUM(Q25:Q29),IF(MONTH(TODAY())=R$3,SUM(S25:S29),IF(MONTH(TODAY())=T$3,SUM(U25:U29),IF(MONTH(TODAY())=V$3,SUM(W25:W29),IF(MONTH(TODAY())=X$3,SUM(Y25:Y29),IF(MONTH(TODAY())=Z$3,SUM(AA25:AA29),IF(MONTH(TODAY())=AB$3,SUM(AC25:AC29))))))))))))) -> 0 | J25: 2 | K25: 1
D26: =IF(MONTH(TODAY())<7,LEFT('Dummy(notouch)'!B23,15),LEFT('Dummy(notouch)'!C23,15))
D27: =IF(MONTH(TODAY())<7,LEFT('Dummy(notouch)'!B24,15),LEFT('Dummy(notouch)'!C24,15))
D28: =IF(MONTH(TODAY())<7,LEFT('Dummy(notouch)'!B25,15),LEFT('Dummy(notouch)'!C25,15))
D29: =IF(MONTH(TODAY())<7,LEFT('Dummy(notouch)'!B26,15),LEFT('Dummy(notouch)'!C26,15))
A30: =IF(ISTEXT(B30)=TRUE,A25+1,"") -> 6 | B30: 가나다 | D30: =IF(MONTH(TODAY())<7,LEFT('Dummy(notouch)'!B27,15),LEFT('Dummy(notouch)'!C27,15)) | E30: =IF(MONTH(TODAY())=F$3,SUM(G30:G34),IF(MONTH(TODAY())=H$3,SUM(I30:I34),IF(MONTH(TODAY())=J$3,SUM(K30:K34),IF(MONTH(TODAY())=L$3,SUM(M30:M34),IF(MONTH(TODAY())=N$3,SUM(O30:O34),IF(MONTH(TODAY())=P$3,SUM(Q30:Q34),IF(MONTH(TODAY())=R$3,SUM(S30:S34),IF(MONTH(TODAY())=T$3,SUM(U30:U34),IF(MONTH(TODAY())=V$3,SUM(W30:W34),IF(MONTH(TODAY())=X$3,SUM(Y30:Y34),IF(MONTH(TODAY())=Z$3,SUM(AA30:AA34),IF(MONTH(TODAY())=AB$3,SUM(AC30:AC34))))))))))))) -> 0
D31: =IF(MONTH(TODAY())<7,LEFT('Dummy(notouch)'!B28,15),LEFT('Dummy(notouch)'!C28,15))
D32: =IF(MONTH(TODAY())<7,LEFT('Dummy(notouch)'!B29,15),LEFT('Dummy(notouch)'!C29,15))
D33: =IF(MONTH(TODAY())<7,LEFT('Dummy(notouch)'!B30,15),LEFT('Dummy(notouch)'!C30,15))
D34: =IF(MONTH(TODAY())<7,LEFT('Dummy(notouch)'!B31,15),LEFT('Dummy(notouch)'!C31,15))
A35: =IF(ISTEXT(B35)=TRUE,A30+1,"") -> 7 | B35: 라마바 | D35: =IF(MONTH(TODAY())<7,LEFT('Dummy(notouch)'!B32,15),LEFT('Dummy(notouch)'!C32,15)) | E35: =IF(MONTH(TODAY())=F$3,SUM(G35:G39),IF(MONTH(TODAY())=H$3,SUM(I35:I39),IF(MONTH(TODAY())=J$3,SUM(K35:K39),IF(MONTH(TODAY())=L$3,SUM(M35:M39),IF(MONTH(TODAY())=N$3,SUM(O35:O39),IF(MONTH(TODAY())=P$3,SUM(Q35:Q39),IF(MONTH(TODAY())=R$3,SUM(S35:S39),IF(MONTH(TODAY())=T$3,SUM(U35:U39),IF(MONTH(TODAY())=V$3,SUM(W35:W39),IF(MONTH(TODAY())=X$3,SUM(Y35:Y39),IF(MONTH(TODAY())=Z$3,SUM(AA35:AA39),IF(MONTH(TODAY())=AB$3,SUM(AC35:AC39))))))))))))) -> 0
D36: =IF(MONTH(TODAY())<7,LEFT('Dummy(notouch)'!B33,15),LEFT('Dummy(notouch)'!C33,15))
D37: =IF(MONTH(TODAY())<7,LEFT('Dummy(notouch)'!B34,15),LEFT('Dummy(notouch)'!C34,15))
D38: =IF(MONTH(TODAY())<7,LEFT('Dummy(notouch)'!B35,15),LEFT('Dummy(notouch)'!C35,15))
D39: =IF(MONTH(TODAY())<7,LEFT('Dummy(notouch)'!B36,15),LEFT('Dummy(notouch)'!C36,15))
A40: =IF(ISTEXT(B40)=TRUE,A35+1,"") -> 8 | B40: 사아자 | D40: =IF(MONTH(TODAY())<7,LEFT('Dummy(notouch)'!B37,15),LEFT('Dummy(notouch)'!C37,15)) | E40: =IF(MONTH(TODAY())=F$3,SUM(G40:G44),IF(MONTH(TODAY())=H$3,SUM(I40:I44),IF(MONTH(TODAY())=J$3,SUM(K40:K44),IF(MONTH(TODAY())=L$3,SUM(M40:M44),IF(MONTH(TODAY())=N$3,SUM(O40:O44),IF(MONTH(TODAY())=P$3,SUM(Q40:Q44),IF(MONTH(TODAY())=R$3,SUM(S40:S44),IF(MONTH(TODAY())=T$3,SUM(U40:U44),IF(MONTH(TODAY())=V$3,SUM(W40:W44),IF(MONTH(TODAY())=X$3,SUM(Y40:Y44),IF(MONTH(TODAY())=Z$3,SUM(AA40:AA44),IF(MONTH(TODAY())=AB$3,SUM(AC40:AC44))))))))))))) -> 0 | J40: 2 | K40: 0.2 | L40: 2 | M40: 0.25 | N40: 2 | O40: 0.3
D41: =IF(MONTH(TODAY())<7,LEFT('Dummy(notouch)'!B38,15),LEFT('Dummy(notouch)'!C38,15))
D42: =IF(MONTH(TODAY())<7,LEFT('Dummy(notouch)'!B39,15),LEFT('Dummy(notouch)'!C39,15))
D43: =IF(MONTH(TODAY())<7,LEFT('Dummy(notouch)'!B40,15),LEFT('Dummy(notouch)'!C40,15))
D44: =IF(MONTH(TODAY())<7,LEFT('Dummy(notouch)'!B41,15),LEFT('Dummy(notouch)'!C41,15))
A45: =IF(ISTEXT(B45)=TRUE,A40+1,"") -> 9 | B45: 사자01 | D45: =IF(MONTH(TODAY())<7,LEFT('Dummy(notouch)'!B42,15),LEFT('Dummy(notouch)'!C42,15)) | E45: =IF(MONTH(TODAY())=F$3,SUM(G45:G49),IF(MONTH(TODAY())=H$3,SUM(I45:I49),IF(MONTH(TODAY())=J$3,SUM(K45:K49),IF(MONTH(TODAY())=L$3,SUM(M45:M49),IF(MONTH(TODAY())=N$3,SUM(O45:O49),IF(MONTH(TODAY())=P$3,SUM(Q45:Q49),IF(MONTH(TODAY())=R$3,SUM(S45:S49),IF(MONTH(TODAY())=T$3,SUM(U45:U49),IF(MONTH(TODAY())=V$3,SUM(W45:W49),IF(MONTH(TODAY())=X$3,SUM(Y45:Y49),IF(MONTH(TODAY())=Z$3,SUM(AA45:AA49),IF(MONTH(TODAY())=AB$3,SUM(AC45:AC49))))))))))))) -> 0 | J45: 1 | K45: 0.5
D46: =IF(MONTH(TODAY())<7,LEFT('Dummy(notouch)'!B43,15),LEFT('Dummy(notouch)'!C43,15)) | J46: 2 | K46: 0.5
D47: =IF(MONTH(TODAY())<7,LEFT('Dummy(notouch)'!B44,15),LEFT('Dummy(notouch)'!C44,15))
D48: =IF(MONTH(TODAY())<7,LEFT('Dummy(notouch)'!B45,15),LEFT('Dummy(notouch)'!C45,15))
D49: =IF(MONTH(TODAY())<7,LEFT('Dummy(notouch)'!B46,15),LEFT('Dummy(notouch)'!C46,15))
A50: =IF(ISTEXT(B50)=TRUE,A45+1,"") -> 10 | B50: 호랑이 | D50: =IF(MONTH(TODAY())<7,LEFT('Dummy(notouch)'!B47,15),LEFT('Dummy(notouch)'!C47,15)) | E50: =IF(MONTH(TODAY())=F$3,SUM(G50:G54),IF(MONTH(TODAY())=H$3,SUM(I50:I54),IF(MONTH(TODAY())=J$3,SUM(K50:K54),IF(MONTH(TODAY())=L$3,SUM(M50:M54),IF(MONTH(TODAY())=N$3,SUM(O50:O54),IF(MONTH(TODAY())=P$3,SUM(Q50:Q54),IF(MONTH(TODAY())=R$3,SUM(S50:S54),IF(MONTH(TODAY())=T$3,SUM(U50:U54),IF(MONTH(TODAY())=V$3,SUM(W50:W54),IF(MONTH(TODAY())=X$3,SUM(Y50:Y54),IF(MONTH(TODAY())=Z$3,SUM(AA50:AA54),IF(MONTH(TODAY())=AB$3,SUM(AC50:AC54))))))))))))) -> 0
D51: =IF(MONTH(TODAY())<7,LEFT('Dummy(notouch)'!B48,15),LEFT('Dummy(notouch)'!C48,15))
D52: =IF(MONTH(TODAY())<7,LEFT('Dummy(notouch)'!B49,15),LEFT('Dummy(notouch)'!C49,15))
D53: =IF(MONTH(TODAY())<7,LEFT('Dummy(notouch)'!B50,15),LEFT('Dummy(notouch)'!C50,15))
D54: =IF(MONTH(TODAY())<7,LEFT('Dummy(notouch)'!B51,15),LEFT('Dummy(notouch)'!C51,15))
A55: =IF(ISTEXT(B55)=TRUE,A50+1,"") -> 11 | B55: 토끼01 | D55: =IF(MONTH(TODAY())<7,LEFT('Dummy(notouch)'!B52,15),LEFT('Dummy(notouch)'!C52,15)) | E55: =IF(MONTH(TODAY())=F$3,SUM(G55:G60),IF(MONTH(TODAY())=H$3,SUM(I55:I60),IF(MONTH(TODAY())=J$3,SUM(K55:K60),IF(MONTH(TODAY())=L$3,SUM(M55:M60),IF(MONTH(TODAY())=N$3,SUM(O55:O60),IF(MONTH(TODAY())=P$3,SUM(Q55:Q60),IF(MONTH(TODAY())=R$3,SUM(S55:S60),IF(MONTH(TODAY())=T$3,SUM(U55:U60),IF(MONTH(TODAY())=V$3,SUM(W55:W60),IF(MONTH(TODAY())=X$3,SUM(Y55:Y60),IF(MONTH(TODAY())=Z$3,SUM(AA55:AA60),IF(MONTH(TODAY())=AB$3,SUM(AC55:AC60))))))))))))) -> 0 | J55: 1 | K55: 0.05
D56: =IF(MONTH(TODAY())<7,LEFT('Dummy(notouch)'!B53,15),LEFT('Dummy(notouch)'!C53,15)) | J56: 2 | K56: 0.6
D57: =IF(MONTH(TODAY())<7,LEFT('Dummy(notouch)'!B54,15),LEFT('Dummy(notouch)'!C54,15))
D58: =IF(MONTH(TODAY())<7,LEFT('Dummy(notouch)'!B55,15),LEFT('Dummy(notouch)'!C55,15))
D59: =IF(MONTH(TODAY())<7,LEFT('Dummy(notouch)'!B56,15),LEFT('Dummy(notouch)'!C56,15))
D60: =IF(MONTH(TODAY())<7,LEFT('Dummy(notouch)'!B57,15),LEFT('Dummy(notouch)'!C57,15))
A61: =IF(ISTEXT(B61)=TRUE,A55+1,"") -> 12 | B61: 토끼02 | D61: =IF(MONTH(TODAY())<7,LEFT('Dummy(notouch)'!B58,15),LEFT('Dummy(notouch)'!C58,15))
D62: =IF(MONTH(TODAY())<7,LEFT('Dummy(notouch)'!B59,15),LEFT('Dummy(notouch)'!C59,15))
D63: =IF(MONTH(TODAY())<7,LEFT('Dummy(notouch)'!B60,15),LEFT('Dummy(notouch)'!C60,15))
D64: =IF(MONTH(TODAY())<7,LEFT('Dummy(notouch)'!B61,15),LEFT('Dummy(notouch)'!C61,15))
D65: =IF(MONTH(TODAY())<7,LEFT('Dummy(notouch)'!B62,15),LEFT('Dummy(notouch)'!C62,15))
A66: =IF(ISTEXT(B66)=TRUE,A61+1,"") -> 13 | B66: 토끼03 | D66: =IF(MONTH(TODAY())<7,LEFT('Dummy(notouch)'!B63,15),LEFT('Dummy(notouch)'!C63,15)) | E66: =IF(MONTH(TODAY())=F$3,SUM(G66:G70),IF(MONTH(TODAY())=H$3,SUM(I66:I70),IF(MONTH(TODAY())=J$3,SUM(K66:K70),IF(MONTH(TODAY())=L$3,SUM(M66:M70),IF(MONTH(TODAY())=N$3,SUM(O66:O70),IF(MONTH(TODAY())=P$3,SUM(Q66:Q70),IF(MONTH(TODAY())=R$3,SUM(S66:S70),IF(MONTH(TODAY())=T$3,SUM(U66:U70),IF(MONTH(TODAY())=V$3,SUM(W66:W70),IF(MONTH(TODAY())=X$3,SUM(Y66:Y70),IF(MONTH(TODAY())=Z$3,SUM(AA66:AA70),IF(MONTH(TODAY())=AB$3,SUM(AC66:AC70))))))))))))) -> 0
D67: =IF(MONTH(TODAY())<7,LEFT('Dummy(notouch)'!B64,15),LEFT('Dummy(notouch)'!C64,15))
D68: =IF(MONTH(TODAY())<7,LEFT('Dummy(notouch)'!B65,15),LEFT('Dummy(notouch)'!C65,15))
D69: =IF(MONTH(TODAY())<7,LEFT('Dummy(notouch)'!B66,15),LEFT('Dummy(notouch)'!C66,15))
D70: =IF(MONTH(TODAY())<7,LEFT('Dummy(notouch)'!B67,15),LEFT('Dummy(notouch)'!C67,15))
A71: =IF(ISTEXT(B71)=TRUE,A66+1,"") -> 14 | B71: 토끼04 | D71: =IF(MONTH(TODAY())<7,LEFT('Dummy(notouch)'!B68,15),LEFT('Dummy(notouch)'!C68,15)) | E71: =IF(MONTH(TODAY())=F$3,SUM(G71:G75),IF(MONTH(TODAY())=H$3,SUM(I71:I75),IF(MONTH(TODAY())=J$3,SUM(K71:K75),IF(MONTH(TODAY())=L$3,SUM(M71:M75),IF(MONTH(TODAY())=N$3,SUM(O71:O75),IF(MONTH(TODAY())=P$3,SUM(Q71:Q75),IF(MONTH(TODAY())=R$3,SUM(S71:S75),IF(MONTH(TODAY())=T$3,SUM(U71:U75),IF(MONTH(TODAY())=V$3,SUM(W71:W75),IF(MONTH(TODAY())=X$3,SUM(Y71:Y75),IF(MONTH(TODAY())=Z$3,SUM(AA71:AA75),IF(MONTH(TODAY())=AB$3,SUM(AC71:AC75))))))))))))) -> 0
D72: =IF(MONTH(TODAY())<7,LEFT('Dummy(notouch)'!B69,15),LEFT('Dummy(notouch)'!C69,15))
D73: =IF(MONTH(TODAY())<7,LEFT('Dummy(notouch)'!B70,15),LEFT('Dummy(notouch)'!C70,15))
D74: =IF(MONTH(TODAY())<7,LEFT('Dummy(notouch)'!B71,15),LEFT('Dummy(notouch)'!C71,15))
D75: =IF(MONTH(TODAY())<7,LEFT('Dummy(notouch)'!B72,15),LEFT('Dummy(notouch)'!C72,15))
A76: =IF(ISTEXT(B76)=TRUE,A71+1,"") -> 15 | B76: 토끼05 | D76: =IF(MONTH(TODAY())<7,LEFT('Dummy(notouch)'!B73,15),LEFT('Dummy(notouch)'!C73,15)) | E76: =IF(MONTH(TODAY())=F$3,SUM(G76:G80),IF(MONTH(TODAY())=H$3,SUM(I76:I80),IF(MONTH(TODAY())=J$3,SUM(K76:K80),IF(MONTH(TODAY())=L$3,SUM(M76:M80),IF(MONTH(TODAY())=N$3,SUM(O76:O80),IF(MONTH(TODAY())=P$3,SUM(Q76:Q80),IF(MONTH(TODAY())=R$3,SUM(S76:S80),IF(MONTH(TODAY())=T$3,SUM(U76:U80),IF(MONTH(TODAY())=V$3,SUM(W76:W80),IF(MONTH(TODAY())=X$3,SUM(Y76:Y80),IF(MONTH(TODAY())=Z$3,SUM(AA76:AA80),IF(MONTH(TODAY())=AB$3,SUM(AC76:AC80))))))))))))) -> 0 | J76: 1 | K76: 1 | L76: 1 | M76: 1
D77: =IF(MONTH(TODAY())<7,LEFT('Dummy(notouch)'!B74,15),LEFT('Dummy(notouch)'!C74,15))
D78: =IF(MONTH(TODAY())<7,LEFT('Dummy(notouch)'!B75,15),LEFT('Dummy(notouch)'!C75,15))
D79: =IF(MONTH(TODAY())<7,LEFT('Dummy(notouch)'!B76,15),LEFT('Dummy(notouch)'!C76,15))
D80: =IF(MONTH(TODAY())<7,LEFT('Dummy(notouch)'!B77,15),LEFT('Dummy(notouch)'!C77,15))
A81: =IF(ISTEXT(B81)=TRUE,A76+1,"") -> 16 | B81: 토끼06 | D81: =IF(MONTH(TODAY())<7,LEFT('Dummy(notouch)'!B78,15),LEFT('Dummy(notouch)'!C78,15)) | E81: =IF(MONTH(TODAY())=F$3,SUM(G81:G85),IF(MONTH(TODAY())=H$3,SUM(I81:I85),IF(MONTH(TODAY())=J$3,SUM(K81:K85),IF(MONTH(TODAY())=L$3,SUM(M81:M85),IF(MONTH(TODAY())=N$3,SUM(O81:O85),IF(MONTH(TODAY())=P$3,SUM(Q81:Q85),IF(MONTH(TODAY())=R$3,SUM(S81:S85),IF(MONTH(TODAY())=T$3,SUM(U81:U85),IF(MONTH(TODAY())=V$3,SUM(W81:W85),IF(MONTH(TODAY())=X$3,SUM(Y81:Y85),IF(MONTH(TODAY())=Z$3,SUM(AA81:AA85),IF(MONTH(TODAY())=AB$3,SUM(AC81:AC85))))))))))))) -> 0
D82: =IF(MONTH(TODAY())<7,LEFT('Dummy(notouch)'!B79,15),LEFT('Dummy(notouch)'!C79,15))
D83: =IF(MONTH(TODAY())<7,LEFT('Dummy(notouch)'!B80,15),LEFT('Dummy(notouch)'!C80,15))
D84: =IF(MONTH(TODAY())<7,LEFT('Dummy(notouch)'!B81,15),LEFT('Dummy(notouch)'!C81,15))
D85: =IF(MONTH(TODAY())<7,LEFT('Dummy(notouch)'!B82,15),LEFT('Dummy(notouch)'!C82,15))
A86: =IF(ISTEXT(B86)=TRUE,A81+1,"") -> 17 | B86: 토끼07 | D86: =IF(MONTH(TODAY())<7,LEFT('Dummy(notouch)'!B83,15),LEFT('Dummy(notouch)'!C83,15)) | E86: =IF(MONTH(TODAY())=F$3,SUM(G86:G90),IF(MONTH(TODAY())=H$3,SUM(I86:I90),IF(MONTH(TODAY())=J$3,SUM(K86:K90),IF(MONTH(TODAY())=L$3,SUM(M86:M90),IF(MONTH(TODAY())=N$3,SUM(O86:O90),IF(MONTH(TODAY())=P$3,SUM(Q86:Q90),IF(MONTH(TODAY())=R$3,SUM(S86:S90),IF(MONTH(TODAY())=T$3,SUM(U86:U90),IF(MONTH(TODAY())=V$3,SUM(W86:W90),IF(MONTH(TODAY())=X$3,SUM(Y86:Y90),IF(MONTH(TODAY())=Z$3,SUM(AA86:AA90),IF(MONTH(TODAY())=AB$3,SUM(AC86:AC90))))))))))))) -> 0
D87: =IF(MONTH(TODAY())<7,LEFT('Dummy(notouch)'!B84,15),LEFT('Dummy(notouch)'!C84,15))
D88: =IF(MONTH(TODAY())<7,LEFT('Dummy(notouch)'!B85,15),LEFT('Dummy(notouch)'!C85,15))
D89: =IF(MONTH(TODAY())<7,LEFT('Dummy(notouch)'!B86,15),LEFT('Dummy(notouch)'!C86,15))
D90: =IF(MONTH(TODAY())<7,LEFT('Dummy(notouch)'!B87,15),LEFT('Dummy(notouch)'!C87,15))
A91: =IF(ISTEXT(B91)=TRUE,A86+1,"") -> 18 | B91: 토끼08 | D91: =IF(MONTH(TODAY())<7,LEFT('Dummy(notouch)'!B88,15),LEFT('Dummy(notouch)'!C88,15)) | E91: =IF(MONTH(TODAY())=F$3,SUM(G91:G95),IF(MONTH(TODAY())=H$3,SUM(I91:I95),IF(MONTH(TODAY())=J$3,SUM(K91:K95),IF(MONTH(TODAY())=L$3,SUM(M91:M95),IF(MONTH(TODAY())=N$3,SUM(O91:O95),IF(MONTH(TODAY())=P$3,SUM(Q91:Q95),IF(MONTH(TODAY())=R$3,SUM(S91:S95),IF(MONTH(TODAY())=T$3,SUM(U91:U95),IF(MONTH(TODAY())=V$3,SUM(W91:W95),IF(MONTH(TODAY())=X$3,SUM(Y91:Y95),IF(MONTH(TODAY())=Z$3,SUM(AA91:AA95),IF(MONTH(TODAY())=AB$3,SUM(AC91:AC95))))))))))))) -> 0
D92: =IF(MONTH(TODAY())<7,LEFT('Dummy(notouch)'!B89,15),LEFT('Dummy(notouch)'!C89,15))
D93: =IF(MONTH(TODAY())<7,LEFT('Dummy(notouch)'!B90,15),LEFT('Dummy(notouch)'!C90,15))
D94: =IF(MONTH(TODAY())<7,LEFT('Dummy(notouch)'!B91,15),LEFT('Dummy(notouch)'!C91,15))
D95: =IF(MONTH(TODAY())<7,LEFT('Dummy(notouch)'!B92,15),LEFT('Dummy(notouch)'!C92,15))
A96: =IF(ISTEXT(B96)=TRUE,A91+1,"") -> 19 | B96: 토끼09 | D96: =IF(MONTH(TODAY())<7,LEFT('Dummy(notouch)'!B93,15),LEFT('Dummy(notouch)'!C93,15)) | E96: =IF(MONTH(TODAY())=F$3,SUM(G96:G103),IF(MONTH(TODAY())=H$3,SUM(I96:I103),IF(MONTH(TODAY())=J$3,SUM(K96:K103),IF(MONTH(TODAY())=L$3,SUM(M96:M103),IF(MONTH(TODAY())=N$3,SUM(O96:O103),IF(MONTH(TODAY())=P$3,SUM(Q96:Q103),IF(MONTH(TODAY())=R$3,SUM(S96:S103),IF(MONTH(TODAY())=T$3,SUM(U96:U103),IF(MONTH(TODAY())=V$3,SUM(W96:W103),IF(MONTH(TODAY())=X$3,SUM(Y96:Y103),IF(MONTH(TODAY())=Z$3,SUM(AA96:AA103),IF(MONTH(TODAY())=AB$3,SUM(AC96:AC103))))))))))))) -> 0 | J96: 1 | K96: 0.9
D97: =IF(MONTH(TODAY())<7,LEFT('Dummy(notouch)'!B94,15),LEFT('Dummy(notouch)'!C94,15)) | J97: 2 | K97: 0.5
D98: =IF(MONTH(TODAY())<7,LEFT('Dummy(notouch)'!B95,15),LEFT('Dummy(notouch)'!C95,15))
D99: =IF(MONTH(TODAY())<7,LEFT('Dummy(notouch)'!B96,15),LEFT('Dummy(notouch)'!C96,15))
D100: =IF(MONTH(TODAY())<7,LEFT('Dummy(notouch)'!B97,15),LEFT('Dummy(notouch)'!C97,15))
D101: =IF(MONTH(TODAY())<7,LEFT('Dummy(notouch)'!B98,15),LEFT('Dummy(notouch)'!C98,15))
...

Sheet Prj_list
A1: O 프로젝트 리스트 >> 배경색이 없는 항목만 수정하시기 바랍니다.
A3: No. | B3: 프로젝트 명 | C3: Duration | E3: 투입공수 | I3: 사업관리
C4: Start | D4: End | E4: 할당 인원 | F4: 필요MM | G4: 확보MM | H4: 누락 MM | I4: 우선순위 | J4: 소요 예산 | K4: 예상 매출 | L4: 수익성
A5: 1 | B5: =IF(ISERROR(VLOOKUP($A5,WBS!$A$5:$G775,2,FALSE))=TRUE,"",IF(ISBLANK(VLOOKUP($A5,WBS!$A$5:$G775,2,FALSE))=TRUE,"",VLOOKUP($A5,WBS!$A$5:$G775,2,FALSE))) -> 전체 프로젝트 | C5: =IF(ISERROR(VLOOKUP($A5,WBS!$A5:$G775,5,FALSE))=TRUE,"",VLOOKUP($A5,WBS!$A5:$G775,5,FALSE)) -> 진행 중 | D5: =IF(ISERROR(VLOOKUP($A5,WBS!$A5:$G775,6,FALSE))=TRUE,"",VLOOKUP($A5,WBS!$A5:$G775,6,FALSE)) -> 45973 | E5: =IF(COUNTIF('2012 HR 배정표'!$G$5:$AC$400,$A5)=0,"",COUNTIF('2012 HR 배정표'!$G$5:$AC$400,$A5)) -> 11 | F5: 30 | G5: =SUMIF(Temp!$AW$7:$AW$2001,A5,Temp!$AX$7:$AX$2001) -> 4.45 | H5: =IF(F5-G5=0,"",F5-G5) -> 25.55 | I5: 2 | J5: 3000000 | K5: 2600000 | L5: =IF(ISBLANK(J5)=TRUE,"예산 입력 요망",IF(ISBLANK(K5)=TRUE,"매출 입력 요망",K5-J5)) -> -400000 | O5: 2012 | AA5: 2013
A6: 2 | B6: =IF(ISERROR(VLOOKUP($A6,WBS!$A$5:$G776,2,FALSE))=TRUE,"",IF(ISBLANK(VLOOKUP($A6,WBS!$A$5:$G776,2,FALSE))=TRUE,"",VLOOKUP($A6,WBS!$A$5:$G776,2,FALSE))) | C6: =IF(ISERROR(VLOOKUP($A6,WBS!$A6:$G776,5,FALSE))=TRUE,"",VLOOKUP($A6,WBS!$A6:$G776,5,FALSE)) | D6: =IF(ISERROR(VLOOKUP($A6,WBS!$A6:$G776,6,FALSE))=TRUE,"",VLOOKUP($A6,WBS!$A6:$G776,6,FALSE)) | E6: =IF(COUNTIF('2012 HR 배정표'!$G$5:$AC$400,$A6)=0,"",COUNTIF('2012 HR 배정표'!$G$5:$AC$400,$A6)) -> 14 | F6: 19 | G6: =SUMIF(Temp!$AW$7:$AW$2001,A6,Temp!$AX$7:$AX$2001) -> 4.95 | H6: =IF(F6-G6=0,"",F6-G6) -> 14.05 | I6: 1 | J6: 26000000 | K6: 30000000 | L6: =IF(ISBLANK(J6)=TRUE,"예산 입력 요망",IF(ISBLANK(K6)=TRUE,"매출 입력 요망",K6-J6)) -> 4000000 | N6: 월 구간 | O6: 40909 | P6: 40940 | Q6: 40969 | R6: 41000 | S6: 41030 | T6: 41061 | U6: 41091 | V6: 41122 | W6: 41153 | X6: 41183 | Y6: 41214 | Z6: 41244 | AA6: 41275 | AB6: 41306 | AC6: 41334 | AD6: 41365 | AE6: 41395 | AF6: 41426 | AG6: 41456 | AH6: 41487 | AI6: 41518 | AJ6: 41548 | AK6: 41579 | AL6: 41609
A7: 3 | B7: =IF(ISERROR(VLOOKUP($A7,WBS!$A$5:$G777,2,FALSE))=TRUE,"",IF(ISBLANK(VLOOKUP($A7,WBS!$A$5:$G777,2,FALSE))=TRUE,"",VLOOKUP($A7,WBS!$A$5:$G777,2,FALSE))) | C7: =IF(ISERROR(VLOOKUP($A7,WBS!$A6:$G777,5,FALSE))=TRUE,"",VLOOKUP($A7,WBS!$A6:$G777,5,FALSE)) | D7: =IF(ISERROR(VLOOKUP($A7,WBS!$A6:$G777,6,FALSE))=TRUE,"",VLOOKUP($A7,WBS!$A6:$G777,6,FALSE)) | E7: =IF(COUNTIF('2012 HR 배정표'!$G$5:$AC$400,$A7)=0,"",COUNTIF('2012 HR 배정표'!$G$5:$AC$400,$A7)) | G7: =SUMIF(Temp!$AW$7:$AW$2001,A7,Temp!$AX$7:$AX$2001) -> 0 | H7: =IF(F7-G7=0,"",F7-G7) | L7: =IF(ISBLANK(J7)=TRUE,"예산 입력 요망",IF(ISBLANK(K7)=TRUE,"매출 입력 요망",K7-J7)) -> 예산 입력 요망 | N7: 워킹데이 | O7: =NETWORKDAYS(O6,DATE(YEAR(O6),MONTH(O6)+1,0)) -> 22 | P7: =NETWORKDAYS(P6,DATE(YEAR(P6),MONTH(P6)+1,0)) -> 21 | Q7: =NETWORKDAYS(Q6,DATE(YEAR(Q6),MONTH(Q6)+1,0)) -> 22 | R7: =NETWORKDAYS(R6,DATE(YEAR(R6),MONTH(R6)+1,0)) -> 21 | S7: =NETWORKDAYS(S6,DATE(YEAR(S6),MONTH(S6)+1,0)) -> 23 | T7: =NETWORKDAYS(T6,DATE(YEAR(T6),MONTH(T6)+1,0)) -> 21 | U7: =NETWORKDAYS(U6,DATE(YEAR(U6),MONTH(U6)+1,0)) -> 22 | V7: =NETWORKDAYS(V6,DATE(YEAR(V6),MONTH(V6)+1,0)) -> 23 | ... AL7: =NETWORKDAYS(AL6,DATE(YEAR(AL6),MONTH(AL6)+1,0)) -> 22
A8: 4 | B8: =IF(ISERROR(VLOOKUP($A8,WBS!$A$5:$G778,2,FALSE))=TRUE,"",IF(ISBLANK(VLOOKUP($A8,WBS!$A$5:$G778,2,FALSE))=TRUE,"",VLOOKUP($A8,WBS!$A$5:$G778,2,FALSE))) | C8: =IF(ISERROR(VLOOKUP($A8,WBS!$A6:$G778,5,FALSE))=TRUE,"",VLOOKUP($A8,WBS!$A6:$G778,5,FALSE)) | D8: =IF(ISERROR(VLOOKUP($A8,WBS!$A6:$G778,6,FALSE))=TRUE,"",VLOOKUP($A8,WBS!$A6:$G778,6,FALSE)) | E8: =IF(COUNTIF('2012 HR 배정표'!$G$5:$AC$400,$A8)=0,"",COUNTIF('2012 HR 배정표'!$G$5:$AC$400,$A8)) | G8: =SUMIF(Temp!$AW$7:$AW$2001,A8,Temp!$AX$7:$AX$2001) -> 0 | H8: =IF(F8-G8=0,"",F8-G8) | L8: =IF(ISBLANK(J8)=TRUE,"예산 입력 요망",IF(ISBLANK(K8)=TRUE,"매출 입력 요망",K8-J8)) -> 예산 입력 요망
A9: 5 | B9: =IF(ISERROR(VLOOKUP($A9,WBS!$A$5:$G779,2,FALSE))=TRUE,"",IF(ISBLANK(VLOOKUP($A9,WBS!$A$5:$G779,2,FALSE))=TRUE,"",VLOOKUP($A9,WBS!$A$5:$G779,2,FALSE))) | C9: =IF(ISERROR(VLOOKUP($A9,WBS!$A6:$G779,5,FALSE))=TRUE,"",VLOOKUP($A9,WBS!$A6:$G779,5,FALSE)) | D9: =IF(ISERROR(VLOOKUP($A9,WBS!$A6:$G779,6,FALSE))=TRUE,"",VLOOKUP($A9,WBS!$A6:$G779,6,FALSE)) | E9: =IF(COUNTIF('2012 HR 배정표'!$G$5:$AC$400,$A9)=0,"",COUNTIF('2012 HR 배정표'!$G$5:$AC$400,$A9)) | G9: =SUMIF(Temp!$AW$7:$AW$2001,A9,Temp!$AX$7:$AX$2001) -> 0 | H9: =IF(F9-G9=0,"",F9-G9) | L9: =IF(ISBLANK(J9)=TRUE,"예산 입력 요망",IF(ISBLANK(K9)=TRUE,"매출 입력 요망",K9-J9)) -> 예산 입력 요망
A10: 6 | B10: =IF(ISERROR(VLOOKUP($A10,WBS!$A$5:$G780,2,FALSE))=TRUE,"",IF(ISBLANK(VLOOKUP($A10,WBS!$A$5:$G780,2,FALSE))=TRUE,"",VLOOKUP($A10,WBS!$A$5:$G780,2,FALSE))) | C10: =IF(ISERROR(VLOOKUP($A10,WBS!$A6:$G780,5,FALSE))=TRUE,"",VLOOKUP($A10,WBS!$A6:$G780,5,FALSE)) | D10: =IF(ISERROR(VLOOKUP($A10,WBS!$A6:$G780,6,FALSE))=TRUE,"",VLOOKUP($A10,WBS!$A6:$G780,6,FALSE)) | E10: =IF(COUNTIF('2012 HR 배정표'!$G$5:$AC$400,$A10)=0,"",COUNTIF('2012 HR 배정표'!$G$5:$AC$400,$A10)) | G10: =SUMIF(Temp!$AW$7:$AW$2001,A10,Temp!$AX$7:$AX$2001) -> 0 | H10: =IF(F10-G10=0,"",F10-G10) | L10: =IF(ISBLANK(J10)=TRUE,"예산 입력 요망",IF(ISBLANK(K10)=TRUE,"매출 입력 요망",K10-J10)) -> 예산 입력 요망
A11: 7 | B11: =IF(ISERROR(VLOOKUP($A11,WBS!$A$5:$G781,2,FALSE))=TRUE,"",IF(ISBLANK(VLOOKUP($A11,WBS!$A$5:$G781,2,FALSE))=TRUE,"",VLOOKUP($A11,WBS!$A$5:$G781,2,FALSE))) | C11: =IF(ISERROR(VLOOKUP($A11,WBS!$A6:$G781,5,FALSE))=TRUE,"",VLOOKUP($A11,WBS!$A6:$G781,5,FALSE)) | D11: =IF(ISERROR(VLOOKUP($A11,WBS!$A6:$G781,6,FALSE))=TRUE,"",VLOOKUP($A11,WBS!$A6:$G781,6,FALSE)) | E11: =IF(COUNTIF('2012 HR 배정표'!$G$5:$AC$400,$A11)=0,"",COUNTIF('2012 HR 배정표'!$G$5:$AC$400,$A11)) | G11: =SUMIF(Temp!$AW$7:$AW$2001,A11,Temp!$AX$7:$AX$2001) -> 0 | H11: =IF(F11-G11=0,"",F11-G11) | L11: =IF(ISBLANK(J11)=TRUE,"예산 입력 요망",IF(ISBLANK(K11)=TRUE,"매출 입력 요망",K11-J11)) -> 예산 입력 요망
A12: 8 | B12: =IF(ISERROR(VLOOKUP($A12,WBS!$A$5:$G782,2,FALSE))=TRUE,"",IF(ISBLANK(VLOOKUP($A12,WBS!$A$5:$G782,2,FALSE))=TRUE,"",VLOOKUP($A12,WBS!$A$5:$G782,2,FALSE))) | C12: =IF(ISERROR(VLOOKUP($A12,WBS!$A6:$G782,5,FALSE))=TRUE,"",VLOOKUP($A12,WBS!$A6:$G782,5,FALSE)) | D12: =IF(ISERROR(VLOOKUP($A12,WBS!$A6:$G782,6,FALSE))=TRUE,"",VLOOKUP($A12,WBS!$A6:$G782,6,FALSE)) | E12: =IF(COUNTIF('2012 HR 배정표'!$G$5:$AC$400,$A12)=0,"",COUNTIF('2012 HR 배정표'!$G$5:$AC$400,$A12)) | G12: =SUMIF(Temp!$AW$7:$AW$2001,A12,Temp!$AX$7:$AX$2001) -> 0 | H12: =IF(F12-G12=0,"",F12-G12) | L12: =IF(ISBLANK(J12)=TRUE,"예산 입력 요망",IF(ISBLANK(K12)=TRUE,"매출 입력 요망",K12-J12)) -> 예산 입력 요망
A13: 9 | B13: =IF(ISERROR(VLOOKUP($A13,WBS!$A$5:$G783,2,FALSE))=TRUE,"",IF(ISBLANK(VLOOKUP($A13,WBS!$A$5:$G783,2,FALSE))=TRUE,"",VLOOKUP($A13,WBS!$A$5:$G783,2,FALSE))) | C13: =IF(ISERROR(VLOOKUP($A13,WBS!$A6:$G783,5,FALSE))=TRUE,"",VLOOKUP($A13,WBS!$A6:$G783,5,FALSE)) | D13: =IF(ISERROR(VLOOKUP($A13,WBS!$A6:$G783,6,FALSE))=TRUE,"",VLOOKUP($A13,WBS!$A6:$G783,6,FALSE)) | E13: =IF(COUNTIF('2012 HR 배정표'!$G$5:$AC$400,$A13)=0,"",COUNTIF('2012 HR 배정표'!$G$5:$AC$400,$A13)) | G13: =SUMIF(Temp!$AW$7:$AW$2001,A13,Temp!$AX$7:$AX$2001) -> 0 | H13: =IF(F13-G13=0,"",F13-G13) | L13: =IF(ISBLANK(J13)=TRUE,"예산 입력 요망",IF(ISBLANK(K13)=TRUE,"매출 입력 요망",K13-J13)) -> 예산 입력 요망
A14: 10 | B14: =IF(ISERROR(VLOOKUP($A14,WBS!$A$5:$G784,2,FALSE))=TRUE,"",IF(ISBLANK(VLOOKUP($A14,WBS!$A$5:$G784,2,FALSE))=TRUE,"",VLOOKUP($A14,WBS!$A$5:$G784,2,FALSE))) | C14: =IF(ISERROR(VLOOKUP($A14,WBS!$A7:$G784,5,FALSE))=TRUE,"",VLOOKUP($A14,WBS!$A7:$G784,5,FALSE)) | D14: =IF(ISERROR(VLOOKUP($A14,WBS!$A7:$G784,6,FALSE))=TRUE,"",VLOOKUP($A14,WBS!$A7:$G784,6,FALSE)) | E14: =IF(COUNTIF('2012 HR 배정표'!$G$5:$AC$400,$A14)=0,"",COUNTIF('2012 HR 배정표'!$G$5:$AC$400,$A14)) | G14: =SUMIF(Temp!$AW$7:$AW$2001,A14,Temp!$AX$7:$AX$2001) -> 0 | H14: =IF(F14-G14=0,"",F14-G14) | L14: =IF(ISBLANK(J14)=TRUE,"예산 입력 요망",IF(ISBLANK(K14)=TRUE,"매출 입력 요망",K14-J14)) -> 예산 입력 요망
A15: 11 | B15: =IF(ISERROR(VLOOKUP($A15,WBS!$A$5:$G785,2,FALSE))=TRUE,"",IF(ISBLANK(VLOOKUP($A15,WBS!$A$5:$G785,2,FALSE))=TRUE,"",VLOOKUP($A15,WBS!$A$5:$G785,2,FALSE))) | C15: =IF(ISERROR(VLOOKUP($A15,WBS!$A7:$G785,5,FALSE))=TRUE,"",VLOOKUP($A15,WBS!$A7:$G785,5,FALSE)) | D15: =IF(ISERROR(VLOOKUP($A15,WBS!$A7:$G785,6,FALSE))=TRUE,"",VLOOKUP($A15,WBS!$A7:$G785,6,FALSE)) | E15: =IF(COUNTIF('2012 HR 배정표'!$G$5:$AC$400,$A15)=0,"",COUNTIF('2012 HR 배정표'!$G$5:$AC$400,$A15)) | G15: =SUMIF(Temp!$AW$7:$AW$2001,A15,Temp!$AX$7:$AX$2001) -> 0 | H15: =IF(F15-G15=0,"",F15-G15) | L15: =IF(ISBLANK(J15)=TRUE,"예산 입력 요망",IF(ISBLANK(K15)=TRUE,"매출 입력 요망",K15-J15)) -> 예산 입력 요망
A16: 12 | B16: =IF(ISERROR(VLOOKUP($A16,WBS!$A$5:$G786,2,FALSE))=TRUE,"",IF(ISBLANK(VLOOKUP($A16,WBS!$A$5:$G786,2,FALSE))=TRUE,"",VLOOKUP($A16,WBS!$A$5:$G786,2,FALSE))) | C16: =IF(ISERROR(VLOOKUP($A16,WBS!$A7:$G786,5,FALSE))=TRUE,"",VLOOKUP($A16,WBS!$A7:$G786,5,FALSE)) | D16: =IF(ISERROR(VLOOKUP($A16,WBS!$A7:$G786,6,FALSE))=TRUE,"",VLOOKUP($A16,WBS!$A7:$G786,6,FALSE)) | E16: =IF(COUNTIF('2012 HR 배정표'!$G$5:$AC$400,$A16)=0,"",COUNTIF('2012 HR 배정표'!$G$5:$AC$400,$A16)) | G16: =SUMIF(Temp!$AW$7:$AW$2001,A16,Temp!$AX$7:$AX$2001) -> 0 | H16: =IF(F16-G16=0,"",F16-G16) | L16: =IF(ISBLANK(J16)=TRUE,"예산 입력 요망",IF(ISBLANK(K16)=TRUE,"매출 입력 요망",K16-J16)) -> 예산 입력 요망
A17: 13 | B17: =IF(ISERROR(VLOOKUP($A17,WBS!$A$5:$G787,2,FALSE))=TRUE,"",IF(ISBLANK(VLOOKUP($A17,WBS!$A$5:$G787,2,FALSE))=TRUE,"",VLOOKUP($A17,WBS!$A$5:$G787,2,FALSE))) | C17: =IF(ISERROR(VLOOKUP($A17,WBS!$A10:$G787,5,FALSE))=TRUE,"",VLOOKUP($A17,WBS!$A10:$G787,5,FALSE)) | D17: =IF(ISERROR(VLOOKUP($A17,WBS!$A10:$G787,6,FALSE))=TRUE,"",VLOOKUP($A17,WBS!$A10:$G787,6,FALSE)) | E17: =IF(COUNTIF('2012 HR 배정표'!$G$5:$AC$400,$A17)=0,"",COUNTIF('2012 HR 배정표'!$G$5:$AC$400,$A17)) | G17: =SUMIF(Temp!$AW$7:$AW$2001,A17,Temp!$AX$7:$AX$2001) -> 0 | H17: =IF(F17-G17=0,"",F17-G17) | L17: =IF(ISBLANK(J17)=TRUE,"예산 입력 요망",IF(ISBLANK(K17)=TRUE,"매출 입력 요망",K17-J17)) -> 예산 입력 요망
A18: 14 | B18: =IF(ISERROR(VLOOKUP($A18,WBS!$A$5:$G788,2,FALSE))=TRUE,"",IF(ISBLANK(VLOOKUP($A18,WBS!$A$5:$G788,2,FALSE))=TRUE,"",VLOOKUP($A18,WBS!$A$5:$G788,2,FALSE))) | C18: =IF(ISERROR(VLOOKUP($A18,WBS!$A11:$G788,5,FALSE))=TRUE,"",VLOOKUP($A18,WBS!$A11:$G788,5,FALSE)) | D18: =IF(ISERROR(VLOOKUP($A18,WBS!$A11:$G788,6,FALSE))=TRUE,"",VLOOKUP($A18,WBS!$A11:$G788,6,FALSE)) | E18: =IF(COUNTIF('2012 HR 배정표'!$G$5:$AC$400,$A18)=0,"",COUNTIF('2012 HR 배정표'!$G$5:$AC$400,$A18)) | G18: =SUMIF(Temp!$AW$7:$AW$2001,A18,Temp!$AX$7:$AX$2001) -> 0 | H18: =IF(F18-G18=0,"",F18-G18) | L18: =IF(ISBLANK(J18)=TRUE,"예산 입력 요망",IF(ISBLANK(K18)=TRUE,"매출 입력 요망",K18-J18)) -> 예산 입력 요망
A19: 15 | B19: =IF(ISERROR(VLOOKUP($A19,WBS!$A$5:$G789,2,FALSE))=TRUE,"",IF(ISBLANK(VLOOKUP($A19,WBS!$A$5:$G789,2,FALSE))=TRUE,"",VLOOKUP($A19,WBS!$A$5:$G789,2,FALSE))) | C19: =IF(ISERROR(VLOOKUP($A19,WBS!$A12:$G789,5,FALSE))=TRUE,"",VLOOKUP($A19,WBS!$A12:$G789,5,FALSE)) | D19: =IF(ISERROR(VLOOKUP($A19,WBS!$A12:$G789,6,FALSE))=TRUE,"",VLOOKUP($A19,WBS!$A12:$G789,6,FALSE)) | E19: =IF(COUNTIF('2012 HR 배정표'!$G$5:$AC$400,$A19)=0,"",COUNTIF('2012 HR 배정표'!$G$5:$AC$400,$A19)) | G19: =SUMIF(Temp!$AW$7:$AW$2001,A19,Temp!$AX$7:$AX$2001) -> 0 | H19: =IF(F19-G19=0,"",F19-G19) | L19: =IF(ISBLANK(J19)=TRUE,"예산 입력 요망",IF(ISBLANK(K19)=TRUE,"매출 입력 요망",K19-J19)) -> 예산 입력 요망
A20: 16 | B20: =IF(ISERROR(VLOOKUP($A20,WBS!$A$5:$G790,2,FALSE))=TRUE,"",IF(ISBLANK(VLOOKUP($A20,WBS!$A$5:$G790,2,FALSE))=TRUE,"",VLOOKUP($A20,WBS!$A$5:$G790,2,FALSE))) | C20: =IF(ISERROR(VLOOKUP($A20,WBS!$A13:$G790,5,FALSE))=TRUE,"",VLOOKUP($A20,WBS!$A13:$G790,5,FALSE)) | D20: =IF(ISERROR(VLOOKUP($A20,WBS!$A13:$G790,6,FALSE))=TRUE,"",VLOOKUP($A20,WBS!$A13:$G790,6,FALSE)) | E20: =IF(COUNTIF('2012 HR 배정표'!$G$5:$AC$400,$A20)=0,"",COUNTIF('2012 HR 배정표'!$G$5:$AC$400,$A20)) | G20: =SUMIF(Temp!$AW$7:$AW$2001,A20,Temp!$AX$7:$AX$2001) -> 0 | H20: =IF(F20-G20=0,"",F20-G20) | L20: =IF(ISBLANK(J20)=TRUE,"예산 입력 요망",IF(ISBLANK(K20)=TRUE,"매출 입력 요망",K20-J20)) -> 예산 입력 요망
A21: 17 | B21: =IF(ISERROR(VLOOKUP($A21,WBS!$A$5:$G791,2,FALSE))=TRUE,"",IF(ISBLANK(VLOOKUP($A21,WBS!$A$5:$G791,2,FALSE))=TRUE,"",VLOOKUP($A21,WBS!$A$5:$G791,2,FALSE))) | C21: =IF(ISERROR(VLOOKUP($A21,WBS!$A16:$G791,5,FALSE))=TRUE,"",VLOOKUP($A21,WBS!$A16:$G791,5,FALSE)) | D21: =IF(ISERROR(VLOOKUP($A21,WBS!$A16:$G791,6,FALSE))=TRUE,"",VLOOKUP($A21,WBS!$A16:$G791,6,FALSE)) | E21: =IF(COUNTIF('2012 HR 배정표'!$G$5:$AC$400,$A21)=0,"",COUNTIF('2012 HR 배정표'!$G$5:$AC$400,$A21)) | G21: =SUMIF(Temp!$AW$7:$AW$2001,A21,Temp!$AX$7:$AX$2001) -> 0 | H21: =IF(F21-G21=0,"",F21-G21) | L21: =IF(ISBLANK(J21)=TRUE,"예산 입력 요망",IF(ISBLANK(K21)=TRUE,"매출 입력 요망",K21-J21)) -> 예산 입력 요망
A22: 18 | B22: =IF(ISERROR(VLOOKUP($A22,WBS!$A$5:$G792,2,FALSE))=TRUE,"",IF(ISBLANK(VLOOKUP($A22,WBS!$A$5:$G792,2,FALSE))=TRUE,"",VLOOKUP($A22,WBS!$A$5:$G792,2,FALSE))) | C22: =IF(ISERROR(VLOOKUP($A22,WBS!$A67:$G792,5,FALSE))=TRUE,"",VLOOKUP($A22,WBS!$A67:$G792,5,FALSE)) | D22: =IF(ISERROR(VLOOKUP($A22,WBS!$A67:$G792,6,FALSE))=TRUE,"",VLOOKUP($A22,WBS!$A67:$G792,6,FALSE)) | E22: =IF(COUNTIF('2012 HR 배정표'!$G$5:$AC$400,$A22)=0,"",COUNTIF('2012 HR 배정표'!$G$5:$AC$400,$A22)) | G22: =SUMIF(Temp!$AW$7:$AW$2001,A22,Temp!$AX$7:$AX$2001) -> 0 | H22: =IF(F22-G22=0,"",F22-G22) | L22: =IF(ISBLANK(J22)=TRUE,"예산 입력 요망",IF(ISBLANK(K22)=TRUE,"매출 입력 요망",K22-J22)) -> 예산 입력 요망
A23: 19 | B23: =IF(ISERROR(VLOOKUP($A23,WBS!$A$5:$G793,2,FALSE))=TRUE,"",IF(ISBLANK(VLOOKUP($A23,WBS!$A$5:$G793,2,FALSE))=TRUE,"",VLOOKUP($A23,WBS!$A$5:$G793,2,FALSE))) | C23: =IF(ISERROR(VLOOKUP($A23,WBS!$A67:$G793,5,FALSE))=TRUE,"",VLOOKUP($A23,WBS!$A67:$G793,5,FALSE)) | D23: =IF(ISERROR(VLOOKUP($A23,WBS!$A67:$G793,6,FALSE))=TRUE,"",VLOOKUP($A23,WBS!$A67:$G793,6,FALSE)) | E23: =IF(COUNTIF('2012 HR 배정표'!$G$5:$AC$400,$A23)=0,"",COUNTIF('2012 HR 배정표'!$G$5:$AC$400,$A23)) | G23: =SUMIF(Temp!$AW$7:$AW$2001,A23,Temp!$AX$7:$AX$2001) -> 0 | H23: =IF(F23-G23=0,"",F23-G23) | L23: =IF(ISBLANK(J23)=TRUE,"예산 입력 요망",IF(ISBLANK(K23)=TRUE,"매출 입력 요망",K23-J23)) -> 예산 입력 요망
A24: 20 | B24: =IF(ISERROR(VLOOKUP($A24,WBS!$A$5:$G794,2,FALSE))=TRUE,"",IF(ISBLANK(VLOOKUP($A24,WBS!$A$5:$G794,2,FALSE))=TRUE,"",VLOOKUP($A24,WBS!$A$5:$G794,2,FALSE))) | C24: =IF(ISERROR(VLOOKUP($A24,WBS!$A73:$G794,5,FALSE))=TRUE,"",VLOOKUP($A24,WBS!$A73:$G794,5,FALSE)) | D24: =IF(ISERROR(VLOOKUP($A24,WBS!$A73:$G794,6,FALSE))=TRUE,"",VLOOKUP($A24,WBS!$A73:$G794,6,FALSE)) | E24: =IF(COUNTIF('2012 HR 배정표'!$G$5:$AC$400,$A24)=0,"",COUNTIF('2012 HR 배정표'!$G$5:$AC$400,$A24)) | G24: =SUMIF(Temp!$AW$7:$AW$2001,A24,Temp!$AX$7:$AX$2001) -> 0 | H24: =IF(F24-G24=0,"",F24-G24) | L24: =IF(ISBLANK(J24)=TRUE,"예산 입력 요망",IF(ISBLANK(K24)=TRUE,"매출 입력 요망",K24-J24)) -> 예산 입력 요망
A25: 21 | B25: =IF(ISERROR(VLOOKUP($A25,WBS!$A$5:$G795,2,FALSE))=TRUE,"",IF(ISBLANK(VLOOKUP($A25,WBS!$A$5:$G795,2,FALSE))=TRUE,"",VLOOKUP($A25,WBS!$A$5:$G795,2,FALSE))) | C25: =IF(ISERROR(VLOOKUP($A25,WBS!$A73:$G795,5,FALSE))=TRUE,"",VLOOKUP($A25,WBS!$A73:$G795,5,FALSE)) | D25: =IF(ISERROR(VLOOKUP($A25,WBS!$A73:$G795,6,FALSE))=TRUE,"",VLOOKUP($A25,WBS!$A73:$G795,6,FALSE)) | E25: =IF(COUNTIF('2012 HR 배정표'!$G$5:$AC$400,$A25)=0,"",COUNTIF('2012 HR 배정표'!$G$5:$AC$400,$A25)) | G25: =SUMIF(Temp!$AW$7:$AW$2001,A25,Temp!$AX$7:$AX$2001) -> 0 | H25: =IF(F25-G25=0,"",F25-G25) | L25: =IF(ISBLANK(J25)=TRUE,"예산 입력 요망",IF(ISBLANK(K25)=TRUE,"매출 입력 요망",K25-J25)) -> 예산 입력 요망
A26: 22 | B26: =IF(ISERROR(VLOOKUP($A26,WBS!$A$5:$G796,2,FALSE))=TRUE,"",IF(ISBLANK(VLOOKUP($A26,WBS!$A$5:$G796,2,FALSE))=TRUE,"",VLOOKUP($A26,WBS!$A$5:$G796,2,FALSE))) | C26: =IF(ISERROR(VLOOKUP($A26,WBS!$A73:$G796,5,FALSE))=TRUE,"",VLOOKUP($A26,WBS!$A73:$G796,5,FALSE)) | D26: =IF(ISERROR(VLOOKUP($A26,WBS!$A73:$G796,6,FALSE))=TRUE,"",VLOOKUP($A26,WBS!$A73:$G796,6,FALSE)) | E26: =IF(COUNTIF('2012 HR 배정표'!$G$5:$AC$400,$A26)=0,"",COUNTIF('2012 HR 배정표'!$G$5:$AC$400,$A26)) | G26: =SUMIF(Temp!$AW$7:$AW$2001,A26,Temp!$AX$7:$AX$2001) -> 0 | H26: =IF(F26-G26=0,"",F26-G26) | L26: =IF(ISBLANK(J26)=TRUE,"예산 입력 요망",IF(ISBLANK(K26)=TRUE,"매출 입력 요망",K26-J26)) -> 예산 입력 요망
A27: 23 | B27: =IF(ISERROR(VLOOKUP($A27,WBS!$A$5:$G797,2,FALSE))=TRUE,"",IF(ISBLANK(VLOOKUP($A27,WBS!$A$5:$G797,2,FALSE))=TRUE,"",VLOOKUP($A27,WBS!$A$5:$G797,2,FALSE))) | C27: =IF(ISERROR(VLOOKUP($A27,WBS!$A73:$G797,5,FALSE))=TRUE,"",VLOOKUP($A27,WBS!$A73:$G797,5,FALSE)) | D27: =IF(ISERROR(VLOOKUP($A27,WBS!$A73:$G797,6,FALSE))=TRUE,"",VLOOKUP($A27,WBS!$A73:$G797,6,FALSE)) | E27: =IF(COUNTIF('2012 HR 배정표'!$G$5:$AC$400,$A27)=0,"",COUNTIF('2012 HR 배정표'!$G$5:$AC$400,$A27)) | G27: =SUMIF(Temp!$AW$7:$AW$2001,A27,Temp!$AX$7:$AX$2001) -> 0 | H27: =IF(F27-G27=0,"",F27-G27) | L27: =IF(ISBLANK(J27)=TRUE,"예산 입력 요망",IF(ISBLANK(K27)=TRUE,"매출 입력 요망",K27-J27)) -> 예산 입력 요망
A28: 24 | B28: =IF(ISERROR(VLOOKUP($A28,WBS!$A$5:$G798,2,FALSE))=TRUE,"",IF(ISBLANK(VLOOKUP($A28,WBS!$A$5:$G798,2,FALSE))=TRUE,"",VLOOKUP($A28,WBS!$A$5:$G798,2,FALSE))) | C28: =IF(ISERROR(VLOOKUP($A28,WBS!$A73:$G798,5,FALSE))=TRUE,"",VLOOKUP($A28,WBS!$A73:$G798,5,FALSE)) | D28: =IF(ISERROR(VLOOKUP($A28,WBS!$A73:$G798,6,FALSE))=TRUE,"",VLOOKUP($A28,WBS!$A73:$G798,6,FALSE)) | E28: =IF(COUNTIF('2012 HR 배정표'!$G$5:$AC$400,$A28)=0,"",COUNTIF('2012 HR 배정표'!$G$5:$AC$400,$A28)) | G28: =SUMIF(Temp!$AW$7:$AW$2001,A28,Temp!$AX$7:$AX$2001) -> 0 | H28: =IF(F28-G28=0,"",F28-G28) | L28: =IF(ISBLANK(J28)=TRUE,"예산 입력 요망",IF(ISBLANK(K28)=TRUE,"매출 입력 요망",K28-J28)) -> 예산 입력 요망
A29: 25 | B29: =IF(ISERROR(VLOOKUP($A29,WBS!$A$5:$G799,2,FALSE))=TRUE,"",IF(ISBLANK(VLOOKUP($A29,WBS!$A$5:$G799,2,FALSE))=TRUE,"",VLOOKUP($A29,WBS!$A$5:$G799,2,FALSE))) | C29: =IF(ISERROR(VLOOKUP($A29,WBS!$A73:$G799,5,FALSE))=TRUE,"",VLOOKUP($A29,WBS!$A73:$G799,5,FALSE)) | D29: =IF(ISERROR(VLOOKUP($A29,WBS!$A73:$G799,6,FALSE))=TRUE,"",VLOOKUP($A29,WBS!$A73:$G799,6,FALSE)) | E29: =IF(COUNTIF('2012 HR 배정표'!$G$5:$AC$400,$A29)=0,"",COUNTIF('2012 HR 배정표'!$G$5:$AC$400,$A29)) | G29: =SUMIF(Temp!$AW$7:$AW$2001,A29,Temp!$AX$7:$AX$2001) -> 0 | H29: =IF(F29-G29=0,"",F29-G29) | L29: =IF(ISBLANK(J29)=TRUE,"예산 입력 요망",IF(ISBLANK(K29)=TRUE,"매출 입력 요망",K29-J29)) -> 예산 입력 요망
A30: 26 | B30: =IF(ISERROR(VLOOKUP($A30,WBS!$A$5:$G800,2,FALSE))=TRUE,"",IF(ISBLANK(VLOOKUP($A30,WBS!$A$5:$G800,2,FALSE))=TRUE,"",VLOOKUP($A30,WBS!$A$5:$G800,2,FALSE))) | C30: =IF(ISERROR(VLOOKUP($A30,WBS!$A73:$G800,5,FALSE))=TRUE,"",VLOOKUP($A30,WBS!$A73:$G800,5,FALSE)) | D30: =IF(ISERROR(VLOOKUP($A30,WBS!$A73:$G800,6,FALSE))=TRUE,"",VLOOKUP($A30,WBS!$A73:$G800,6,FALSE)) | E30: =IF(COUNTIF('2012 HR 배정표'!$G$5:$AC$400,$A30)=0,"",COUNTIF('2012 HR 배정표'!$G$5:$AC$400,$A30)) | G30: =SUMIF(Temp!$AW$7:$AW$2001,A30,Temp!$AX$7:$AX$2001) -> 0 | H30: =IF(F30-G30=0,"",F30-G30) | L30: =IF(ISBLANK(J30)=TRUE,"예산 입력 요망",IF(ISBLANK(K30)=TRUE,"매출 입력 요망",K30-J30)) -> 예산 입력 요망
A31: 27 | B31: =IF(ISERROR(VLOOKUP($A31,WBS!$A$5:$G801,2,FALSE))=TRUE,"",IF(ISBLANK(VLOOKUP($A31,WBS!$A$5:$G801,2,FALSE))=TRUE,"",VLOOKUP($A31,WBS!$A$5:$G801,2,FALSE))) | C31: =IF(ISERROR(VLOOKUP($A31,WBS!$A73:$G801,5,FALSE))=TRUE,"",VLOOKUP($A31,WBS!$A73:$G801,5,FALSE)) | D31: =IF(ISERROR(VLOOKUP($A31,WBS!$A73:$G801,6,FALSE))=TRUE,"",VLOOKUP($A31,WBS!$A73:$G801,6,FALSE)) | E31: =IF(COUNTIF('2012 HR 배정표'!$G$5:$AC$400,$A31)=0,"",COUNTIF('2012 HR 배정표'!$G$5:$AC$400,$A31)) | G31: =SUMIF(Temp!$AW$7:$AW$2001,A31,Temp!$AX$7:$AX$2001) -> 0 | H31: =IF(F31-G31=0,"",F31-G31) | L31: =IF(ISBLANK(J31)=TRUE,"예산 입력 요망",IF(ISBLANK(K31)=TRUE,"매출 입력 요망",K31-J31)) -> 예산 입력 요망
A32: 28 | B32: =IF(ISERROR(VLOOKUP($A32,WBS!$A$5:$G802,2,FALSE))=TRUE,"",IF(ISBLANK(VLOOKUP($A32,WBS!$A$5:$G802,2,FALSE))=TRUE,"",VLOOKUP($A32,WBS!$A$5:$G802,2,FALSE))) | C32: =IF(ISERROR(VLOOKUP($A32,WBS!$A73:$G802,5,FALSE))=TRUE,"",VLOOKUP($A32,WBS!$A73:$G802,5,FALSE)) | D32: =IF(ISERROR(VLOOKUP($A32,WBS!$A73:$G802,6,FALSE))=TRUE,"",VLOOKUP($A32,WBS!$A73:$G802,6,FALSE)) | E32: =IF(COUNTIF('2012 HR 배정표'!$G$5:$AC$400,$A32)=0,"",COUNTIF('2012 HR 배정표'!$G$5:$AC$400,$A32)) | G32: =SUMIF(Temp!$AW$7:$AW$2001,A32,Temp!$AX$7:$AX$2001) -> 0 | H32: =IF(F32-G32=0,"",F32-G32) | L32: =IF(ISBLANK(J32)=TRUE,"예산 입력 요망",IF(ISBLANK(K32)=TRUE,"매출 입력 요망",K32-J32)) -> 예산 입력 요망
A33: 29 | B33: =IF(ISERROR(VLOOKUP($A33,WBS!$A$5:$G803,2,FALSE))=TRUE,"",IF(ISBLANK(VLOOKUP($A33,WBS!$A$5:$G803,2,FALSE))=TRUE,"",VLOOKUP($A33,WBS!$A$5:$G803,2,FALSE))) | C33: =IF(ISERROR(VLOOKUP($A33,WBS!$A73:$G803,5,FALSE))=TRUE,"",VLOOKUP($A33,WBS!$A73:$G803,5,FALSE)) | D33: =IF(ISERROR(VLOOKUP($A33,WBS!$A73:$G803,6,FALSE))=TRUE,"",VLOOKUP($A33,WBS!$A73:$G803,6,FALSE)) | E33: =IF(COUNTIF('2012 HR 배정표'!$G$5:$AC$400,$A33)=0,"",COUNTIF('2012 HR 배정표'!$G$5:$AC$400,$A33)) | G33: =SUMIF(Temp!$AW$7:$AW$2001,A33,Temp!$AX$7:$AX$2001) -> 0 | H33: =IF(F33-G33=0,"",F33-G33) | L33: =IF(ISBLANK(J33)=TRUE,"예산 입력 요망",IF(ISBLANK(K33)=TRUE,"매출 입력 요망",K33-J33)) -> 예산 입력 요망
A34: 30 | B34: =IF(ISERROR(VLOOKUP($A34,WBS!$A$5:$G804,2,FALSE))=TRUE,"",IF(ISBLANK(VLOOKUP($A34,WBS!$A$5:$G804,2,FALSE))=TRUE,"",VLOOKUP($A34,WBS!$A$5:$G804,2,FALSE))) | C34: =IF(ISERROR(VLOOKUP($A34,WBS!$A73:$G804,5,FALSE))=TRUE,"",VLOOKUP($A34,WBS!$A73:$G804,5,FALSE)) | D34: =IF(ISERROR(VLOOKUP($A34,WBS!$A73:$G804,6,FALSE))=TRUE,"",VLOOKUP($A34,WBS!$A73:$G804,6,FALSE)) | E34: =IF(COUNTIF('2012 HR 배정표'!$G$5:$AC$400,$A34)=0,"",COUNTIF('2012 HR 배정표'!$G$5:$AC$400,$A34)) | G34: =SUMIF(Temp!$AW$7:$AW$2001,A34,Temp!$AX$7:$AX$2001) -> 0 | H34: =IF(F34-G34=0,"",F34-G34) | L34: =IF(ISBLANK(J34)=TRUE,"예산 입력 요망",IF(ISBLANK(K34)=TRUE,"매출 입력 요망",K34-J34)) -> 예산 입력 요망
A35: 31 | B35: =IF(ISERROR(VLOOKUP($A35,WBS!$A$5:$G805,2,FALSE))=TRUE,"",IF(ISBLANK(VLOOKUP($A35,WBS!$A$5:$G805,2,FALSE))=TRUE,"",VLOOKUP($A35,WBS!$A$5:$G805,2,FALSE))) | C35: =IF(ISERROR(VLOOKUP($A35,WBS!$A73:$G805,5,FALSE))=TRUE,"",VLOOKUP($A35,WBS!$A73:$G805,5,FALSE)) | D35: =IF(ISERROR(VLOOKUP($A35,WBS!$A73:$G805,6,FALSE))=TRUE,"",VLOOKUP($A35,WBS!$A73:$G805,6,FALSE)) | E35: =IF(COUNTIF('2012 HR 배정표'!$G$5:$AC$400,$A35)=0,"",COUNTIF('2012 HR 배정표'!$G$5:$AC$400,$A35)) | G35: =SUMIF(Temp!$AW$7:$AW$2001,A35,Temp!$AX$7:$AX$2001) -> 0 | H35: =IF(F35-G35=0,"",F35-G35) | L35: =IF(ISBLANK(J35)=TRUE,"예산 입력 요망",IF(ISBLANK(K35)=TRUE,"매출 입력 요망",K35-J35)) -> 예산 입력 요망
A36: 32 | B36: =IF(ISERROR(VLOOKUP($A36,WBS!$A$5:$G806,2,FALSE))=TRUE,"",IF(ISBLANK(VLOOKUP($A36,WBS!$A$5:$G806,2,FALSE))=TRUE,"",VLOOKUP($A36,WBS!$A$5:$G806,2,FALSE))) | C36: =IF(ISERROR(VLOOKUP($A36,WBS!$A73:$G806,5,FALSE))=TRUE,"",VLOOKUP($A36,WBS!$A73:$G806,5,FALSE)) | D36: =IF(ISERROR(VLOOKUP($A36,WBS!$A73:$G806,6,FALSE))=TRUE,"",VLOOKUP($A36,WBS!$A73:$G806,6,FALSE)) | E36: =IF(COUNTIF('2012 HR 배정표'!$G$5:$AC$400,$A36)=0,"",COUNTIF('2012 HR 배정표'!$G$5:$AC$400,$A36)) | G36: =SUMIF(Temp!$AW$7:$AW$2001,A36,Temp!$AX$7:$AX$2001) -> 0 | H36: =IF(F36-G36=0,"",F36-G36) | L36: =IF(ISBLANK(J36)=TRUE,"예산 입력 요망",IF(ISBLANK(K36)=TRUE,"매출 입력 요망",K36-J36)) -> 예산 입력 요망
A37: 33 | B37: =IF(ISERROR(VLOOKUP($A37,WBS!$A$5:$G807,2,FALSE))=TRUE,"",IF(ISBLANK(VLOOKUP($A37,WBS!$A$5:$G807,2,FALSE))=TRUE,"",VLOOKUP($A37,WBS!$A$5:$G807,2,FALSE))) | C37: =IF(ISERROR(VLOOKUP($A37,WBS!$A73:$G807,5,FALSE))=TRUE,"",VLOOKUP($A37,WBS!$A73:$G807,5,FALSE)) | D37: =IF(ISERROR(VLOOKUP($A37,WBS!$A73:$G807,6,FALSE))=TRUE,"",VLOOKUP($A37,WBS!$A73:$G807,6,FALSE)) | E37: =IF(COUNTIF('2012 HR 배정표'!$G$5:$AC$400,$A37)=0,"",COUNTIF('2012 HR 배정표'!$G$5:$AC$400,$A37)) | G37: =SUMIF(Temp!$AW$7:$AW$2001,A37,Temp!$AX$7:$AX$2001) -> 0 | H37: =IF(F37-G37=0,"",F37-G37) | L37: =IF(ISBLANK(J37)=TRUE,"예산 입력 요망",IF(ISBLANK(K37)=TRUE,"매출 입력 요망",K37-J37)) -> 예산 입력 요망
A38: 34 | B38: =IF(ISERROR(VLOOKUP($A38,WBS!$A$5:$G808,2,FALSE))=TRUE,"",IF(ISBLANK(VLOOKUP($A38,WBS!$A$5:$G808,2,FALSE))=TRUE,"",VLOOKUP($A38,WBS!$A$5:$G808,2,FALSE))) | C38: =IF(ISERROR(VLOOKUP($A38,WBS!$A73:$G808,5,FALSE))=TRUE,"",VLOOKUP($A38,WBS!$A73:$G808,5,FALSE)) | D38: =IF(ISERROR(VLOOKUP($A38,WBS!$A73:$G808,6,FALSE))=TRUE,"",VLOOKUP($A38,WBS!$A73:$G808,6,FALSE)) | E38: =IF(COUNTIF('2012 HR 배정표'!$G$5:$AC$400,$A38)=0,"",COUNTIF('2012 HR 배정표'!$G$5:$AC$400,$A38)) | G38: =SUMIF(Temp!$AW$7:$AW$2001,A38,Temp!$AX$7:$AX$2001) -> 0 | H38: =IF(F38-G38=0,"",F38-G38) | L38: =IF(ISBLANK(J38)=TRUE,"예산 입력 요망",IF(ISBLANK(K38)=TRUE,"매출 입력 요망",K38-J38)) -> 예산 입력 요망
A39: 35 | B39: =IF(ISERROR(VLOOKUP($A39,WBS!$A$5:$G809,2,FALSE))=TRUE,"",IF(ISBLANK(VLOOKUP($A39,WBS!$A$5:$G809,2,FALSE))=TRUE,"",VLOOKUP($A39,WBS!$A$5:$G809,2,FALSE))) | C39: =IF(ISERROR(VLOOKUP($A39,WBS!$A73:$G809,5,FALSE))=TRUE,"",VLOOKUP($A39,WBS!$A73:$G809,5,FALSE)) | D39: =IF(ISERROR(VLOOKUP($A39,WBS!$A73:$G809,6,FALSE))=TRUE,"",VLOOKUP($A39,WBS!$A73:$G809,6,FALSE)) | E39: =IF(COUNTIF('2012 HR 배정표'!$G$5:$AC$400,$A39)=0,"",COUNTIF('2012 HR 배정표'!$G$5:$AC$400,$A39)) | G39: =SUMIF(Temp!$AW$7:$AW$2001,A39,Temp!$AX$7:$AX$2001) -> 0 | H39: =IF(F39-G39=0,"",F39-G39) | L39: =IF(ISBLANK(J39)=TRUE,"예산 입력 요망",IF(ISBLANK(K39)=TRUE,"매출 입력 요망",K39-J39)) -> 예산 입력 요망
A40: 36 | B40: =IF(ISERROR(VLOOKUP($A40,WBS!$A$5:$G810,2,FALSE))=TRUE,"",IF(ISBLANK(VLOOKUP($A40,WBS!$A$5:$G810,2,FALSE))=TRUE,"",VLOOKUP($A40,WBS!$A$5:$G810,2,FALSE))) | C40: =IF(ISERROR(VLOOKUP($A40,WBS!$A73:$G810,5,FALSE))=TRUE,"",VLOOKUP($A40,WBS!$A73:$G810,5,FALSE)) | D40: =IF(ISERROR(VLOOKUP($A40,WBS!$A73:$G810,6,FALSE))=TRUE,"",VLOOKUP($A40,WBS!$A73:$G810,6,FALSE)) | E40: =IF(COUNTIF('2012 HR 배정표'!$G$5:$AC$400,$A40)=0,"",COUNTIF('2012 HR 배정표'!$G$5:$AC$400,$A40)) | G40: =SUMIF(Temp!$AW$7:$AW$2001,A40,Temp!$AX$7:$AX$2001) -> 0 | H40: =IF(F40-G40=0,"",F40-G40) | L40: =IF(ISBLANK(J40)=TRUE,"예산 입력 요망",IF(ISBLANK(K40)=TRUE,"매출 입력 요망",K40-J40)) -> 예산 입력 요망
A41: 37 | B41: =IF(ISERROR(VLOOKUP($A41,WBS!$A$5:$G811,2,FALSE))=TRUE,"",IF(ISBLANK(VLOOKUP($A41,WBS!$A$5:$G811,2,FALSE))=TRUE,"",VLOOKUP($A41,WBS!$A$5:$G811,2,FALSE))) | C41: =IF(ISERROR(VLOOKUP($A41,WBS!$A73:$G811,5,FALSE))=TRUE,"",VLOOKUP($A41,WBS!$A73:$G811,5,FALSE)) | D41: =IF(ISERROR(VLOOKUP($A41,WBS!$A73:$G811,6,FALSE))=TRUE,"",VLOOKUP($A41,WBS!$A73:$G811,6,FALSE)) | E41: =IF(COUNTIF('2012 HR 배정표'!$G$5:$AC$400,$A41)=0,"",COUNTIF('2012 HR 배정표'!$G$5:$AC$400,$A41)) | G41: =SUMIF(Temp!$AW$7:$AW$2001,A41,Temp!$AX$7:$AX$2001) -> 0 | H41: =IF(F41-G41=0,"",F41-G41) | L41: =IF(ISBLANK(J41)=TRUE,"예산 입력 요망",IF(ISBLANK(K41)=TRUE,"매출 입력 요망",K41-J41)) -> 예산 입력 요망
A42: 38 | B42: =IF(ISERROR(VLOOKUP($A42,WBS!$A$5:$G812,2,FALSE))=TRUE,"",IF(ISBLANK(VLOOKUP($A42,WBS!$A$5:$G812,2,FALSE))=TRUE,"",VLOOKUP($A42,WBS!$A$5:$G812,2,FALSE))) | C42: =IF(ISERROR(VLOOKUP($A42,WBS!$A73:$G812,5,FALSE))=TRUE,"",VLOOKUP($A42,WBS!$A73:$G812,5,FALSE)) | D42: =IF(ISERROR(VLOOKUP($A42,WBS!$A73:$G812,6,FALSE))=TRUE,"",VLOOKUP($A42,WBS!$A73:$G812,6,FALSE)) | E42: =IF(COUNTIF('2012 HR 배정표'!$G$5:$AC$400,$A42)=0,"",COUNTIF('2012 HR 배정표'!$G$5:$AC$400,$A42)) | G42: =SUMIF(Temp!$AW$7:$AW$2001,A42,Temp!$AX$7:$AX$2001) -> 0 | H42: =IF(F42-G42=0,"",F42-G42) | L42: =IF(ISBLANK(J42)=TRUE,"예산 입력 요망",IF(ISBLANK(K42)=TRUE,"매출 입력 요망",K42-J42)) -> 예산 입력 요망
A43: 39 | B43: =IF(ISERROR(VLOOKUP($A43,WBS!$A$5:$G813,2,FALSE))=TRUE,"",IF(ISBLANK(VLOOKUP($A43,WBS!$A$5:$G813,2,FALSE))=TRUE,"",VLOOKUP($A43,WBS!$A$5:$G813,2,FALSE))) | C43: =IF(ISERROR(VLOOKUP($A43,WBS!$A73:$G813,5,FALSE))=TRUE,"",VLOOKUP($A43,WBS!$A73:$G813,5,FALSE)) | D43: =IF(ISERROR(VLOOKUP($A43,WBS!$A73:$G813,6,FALSE))=TRUE,"",VLOOKUP($A43,WBS!$A73:$G813,6,FALSE)) | E43: =IF(COUNTIF('2012 HR 배정표'!$G$5:$AC$400,$A43)=0,"",COUNTIF('2012 HR 배정표'!$G$5:$AC$400,$A43)) | G43: =SUMIF(Temp!$AW$7:$AW$2001,A43,Temp!$AX$7:$AX$2001) -> 0 | H43: =IF(F43-G43=0,"",F43-G43) | L43: =IF(ISBLANK(J43)=TRUE,"예산 입력 요망",IF(ISBLANK(K43)=TRUE,"매출 입력 요망",K43-J43)) -> 예산 입력 요망
A44: 40 | B44: =IF(ISERROR(VLOOKUP($A44,WBS!$A$5:$G814,2,FALSE))=TRUE,"",IF(ISBLANK(VLOOKUP($A44,WBS!$A$5:$G814,2,FALSE))=TRUE,"",VLOOKUP($A44,WBS!$A$5:$G814,2,FALSE))) | C44: =IF(ISERROR(VLOOKUP($A44,WBS!$A73:$G814,5,FALSE))=TRUE,"",VLOOKUP($A44,WBS!$A73:$G814,5,FALSE)) | D44: =IF(ISERROR(VLOOKUP($A44,WBS!$A73:$G814,6,FALSE))=TRUE,"",VLOOKUP($A44,WBS!$A73:$G814,6,FALSE)) | E44: =IF(COUNTIF('2012 HR 배정표'!$G$5:$AC$400,$A44)=0,"",COUNTIF('2012 HR 배정표'!$G$5:$AC$400,$A44)) | G44: =SUMIF(Temp!$AW$7:$AW$2001,A44,Temp!$AX$7:$AX$2001) -> 0 | H44: =IF(F44-G44=0,"",F44-G44) | L44: =IF(ISBLANK(J44)=TRUE,"예산 입력 요망",IF(ISBLANK(K44)=TRUE,"매출 입력 요망",K44-J44)) -> 예산 입력 요망
A45: 41 | B45: =IF(ISERROR(VLOOKUP($A45,WBS!$A$5:$G815,2,FALSE))=TRUE,"",IF(ISBLANK(VLOOKUP($A45,WBS!$A$5:$G815,2,FALSE))=TRUE,"",VLOOKUP($A45,WBS!$A$5:$G815,2,FALSE))) | C45: =IF(ISERROR(VLOOKUP($A45,WBS!$A73:$G815,5,FALSE))=TRUE,"",VLOOKUP($A45,WBS!$A73:$G815,5,FALSE)) | D45: =IF(ISERROR(VLOOKUP($A45,WBS!$A73:$G815,6,FALSE))=TRUE,"",VLOOKUP($A45,WBS!$A73:$G815,6,FALSE)) | E45: =IF(COUNTIF('2012 HR 배정표'!$G$5:$AC$400,$A45)=0,"",COUNTIF('2012 HR 배정표'!$G$5:$AC$400,$A45)) | G45: =SUMIF(Temp!$AW$7:$AW$2001,A45,Temp!$AX$7:$AX$2001) -> 0 | H45: =IF(F45-G45=0,"",F45-G45) | L45: =IF(ISBLANK(J45)=TRUE,"예산 입력 요망",IF(ISBLANK(K45)=TRUE,"매출 입력 요망",K45-J45)) -> 예산 입력 요망
A46: 42 | B46: =IF(ISERROR(VLOOKUP($A46,WBS!$A$5:$G816,2,FALSE))=TRUE,"",IF(ISBLANK(VLOOKUP($A46,WBS!$A$5:$G816,2,FALSE))=TRUE,"",VLOOKUP($A46,WBS!$A$5:$G816,2,FALSE))) | C46: =IF(ISERROR(VLOOKUP($A46,WBS!$A73:$G816,5,FALSE))=TRUE,"",VLOOKUP($A46,WBS!$A73:$G816,5,FALSE)) | D46: =IF(ISERROR(VLOOKUP($A46,WBS!$A73:$G816,6,FALSE))=TRUE,"",VLOOKUP($A46,WBS!$A73:$G816,6,FALSE)) | E46: =IF(COUNTIF('2012 HR 배정표'!$G$5:$AC$400,$A46)=0,"",COUNTIF('2012 HR 배정표'!$G$5:$AC$400,$A46)) | G46: =SUMIF(Temp!$AW$7:$AW$2001,A46,Temp!$AX$7:$AX$2001) -> 0 | H46: =IF(F46-G46=0,"",F46-G46) | L46: =IF(ISBLANK(J46)=TRUE,"예산 입력 요망",IF(ISBLANK(K46)=TRUE,"매출 입력 요망",K46-J46)) -> 예산 입력 요망
A47: 43 | B47: =IF(ISERROR(VLOOKUP($A47,WBS!$A$5:$G817,2,FALSE))=TRUE,"",IF(ISBLANK(VLOOKUP($A47,WBS!$A$5:$G817,2,FALSE))=TRUE,"",VLOOKUP($A47,WBS!$A$5:$G817,2,FALSE))) | C47: =IF(ISERROR(VLOOKUP($A47,WBS!$A73:$G817,5,FALSE))=TRUE,"",VLOOKUP($A47,WBS!$A73:$G817,5,FALSE)) | D47: =IF(ISERROR(VLOOKUP($A47,WBS!$A73:$G817,6,FALSE))=TRUE,"",VLOOKUP($A47,WBS!$A73:$G817,6,FALSE)) | E47: =IF(COUNTIF('2012 HR 배정표'!$G$5:$AC$400,$A47)=0,"",COUNTIF('2012 HR 배정표'!$G$5:$AC$400,$A47)) | G47: =SUMIF(Temp!$AW$7:$AW$2001,A47,Temp!$AX$7:$AX$2001) -> 0 | H47: =IF(F47-G47=0,"",F47-G47) | L47: =IF(ISBLANK(J47)=TRUE,"예산 입력 요망",IF(ISBLANK(K47)=TRUE,"매출 입력 요망",K47-J47)) -> 예산 입력 요망
A48: 44 | B48: =IF(ISERROR(VLOOKUP($A48,WBS!$A$5:$G818,2,FALSE))=TRUE,"",IF(ISBLANK(VLOOKUP($A48,WBS!$A$5:$G818,2,FALSE))=TRUE,"",VLOOKUP($A48,WBS!$A$5:$G818,2,FALSE))) | C48: =IF(ISERROR(VLOOKUP($A48,WBS!$A73:$G818,5,FALSE))=TRUE,"",VLOOKUP($A48,WBS!$A73:$G818,5,FALSE)) | D48: =IF(ISERROR(VLOOKUP($A48,WBS!$A73:$G818,6,FALSE))=TRUE,"",VLOOKUP($A48,WBS!$A73:$G818,6,FALSE)) | E48: =IF(COUNTIF('2012 HR 배정표'!$G$5:$AC$400,$A48)=0,"",COUNTIF('2012 HR 배정표'!$G$5:$AC$400,$A48)) | G48: =SUMIF(Temp!$AW$7:$AW$2001,A48,Temp!$AX$7:$AX$2001) -> 0 | H48: =IF(F48-G48=0,"",F48-G48) | L48: =IF(ISBLANK(J48)=TRUE,"예산 입력 요망",IF(ISBLANK(K48)=TRUE,"매출 입력 요망",K48-J48)) -> 예산 입력 요망
A49: 45 | B49: =IF(ISERROR(VLOOKUP($A49,WBS!$A$5:$G819,2,FALSE))=TRUE,"",IF(ISBLANK(VLOOKUP($A49,WBS!$A$5:$G819,2,FALSE))=TRUE,"",VLOOKUP($A49,WBS!$A$5:$G819,2,FALSE))) | C49: =IF(ISERROR(VLOOKUP($A49,WBS!$A73:$G819,5,FALSE))=TRUE,"",VLOOKUP($A49,WBS!$A73:$G819,5,FALSE)) | D49: =IF(ISERROR(VLOOKUP($A49,WBS!$A73:$G819,6,FALSE))=TRUE,"",VLOOKUP($A49,WBS!$A73:$G819,6,FALSE)) | E49: =IF(COUNTIF('2012 HR 배정표'!$G$5:$AC$400,$A49)=0,"",COUNTIF('2012 HR 배정표'!$G$5:$AC$400,$A49)) | G49: =SUMIF(Temp!$AW$7:$AW$2001,A49,Temp!$AX$7:$AX$2001) -> 0 | H49: =IF(F49-G49=0,"",F49-G49) | L49: =IF(ISBLANK(J49)=TRUE,"예산 입력 요망",IF(ISBLANK(K49)=TRUE,"매출 입력 요망",K49-J49)) -> 예산 입력 요망
A50: 46 | B50: =IF(ISERROR(VLOOKUP($A50,WBS!$A$5:$G820,2,FALSE))=TRUE,"",IF(ISBLANK(VLOOKUP($A50,WBS!$A$5:$G820,2,FALSE))=TRUE,"",VLOOKUP($A50,WBS!$A$5:$G820,2,FALSE))) | C50: =IF(ISERROR(VLOOKUP($A50,WBS!$A73:$G820,5,FALSE))=TRUE,"",VLOOKUP($A50,WBS!$A73:$G820,5,FALSE)) | D50: =IF(ISERROR(VLOOKUP($A50,WBS!$A73:$G820,6,FALSE))=TRUE,"",VLOOKUP($A50,WBS!$A73:$G820,6,FALSE)) | E50: =IF(COUNTIF('2012 HR 배정표'!$G$5:$AC$400,$A50)=0,"",COUNTIF('2012 HR 배정표'!$G$5:$AC$400,$A50)) | G50: =SUMIF(Temp!$AW$7:$AW$2001,A50,Temp!$AX$7:$AX$2001) -> 0 | H50: =IF(F50-G50=0,"",F50-G50) | L50: =IF(ISBLANK(J50)=TRUE,"예산 입력 요망",IF(ISBLANK(K50)=TRUE,"매출 입력 요망",K50-J50)) -> 예산 입력 요망
A51: 47 | B51: =IF(ISERROR(VLOOKUP($A51,WBS!$A$5:$G821,2,FALSE))=TRUE,"",IF(ISBLANK(VLOOKUP($A51,WBS!$A$5:$G821,2,FALSE))=TRUE,"",VLOOKUP($A51,WBS!$A$5:$G821,2,FALSE))) | C51: =IF(ISERROR(VLOOKUP($A51,WBS!$A74:$G821,5,FALSE))=TRUE,"",VLOOKUP($A51,WBS!$A74:$G821,5,FALSE)) | D51: =IF(ISERROR(VLOOKUP($A51,WBS!$A74:$G821,6,FALSE))=TRUE,"",VLOOKUP($A51,WBS!$A74:$G821,6,FALSE)) | E51: =IF(COUNTIF('2012 HR 배정표'!$G$5:$AC$400,$A51)=0,"",COUNTIF('2012 HR 배정표'!$G$5:$AC$400,$A51)) | G51: =SUMIF(Temp!$AW$7:$AW$2001,A51,Temp!$AX$7:$AX$2001) -> 0 | H51: =IF(F51-G51=0,"",F51-G51) | L51: =IF(ISBLANK(J51)=TRUE,"예산 입력 요망",IF(ISBLANK(K51)=TRUE,"매출 입력 요망",K51-J51)) -> 예산 입력 요망
A52: 48 | B52: =IF(ISERROR(VLOOKUP($A52,WBS!$A$5:$G822,2,FALSE))=TRUE,"",IF(ISBLANK(VLOOKUP($A52,WBS!$A$5:$G822,2,FALSE))=TRUE,"",VLOOKUP($A52,WBS!$A$5:$G822,2,FALSE))) | C52: =IF(ISERROR(VLOOKUP($A52,WBS!$A75:$G822,5,FALSE))=TRUE,"",VLOOKUP($A52,WBS!$A75:$G822,5,FALSE)) | D52: =IF(ISERROR(VLOOKUP($A52,WBS!$A75:$G822,6,FALSE))=TRUE,"",VLOOKUP($A52,WBS!$A75:$G822,6,FALSE)) | E52: =IF(COUNTIF('2012 HR 배정표'!$G$5:$AC$400,$A52)=0,"",COUNTIF('2012 HR 배정표'!$G$5:$AC$400,$A52)) | G52: =SUMIF(Temp!$AW$7:$AW$2001,A52,Temp!$AX$7:$AX$2001) -> 0 | H52: =IF(F52-G52=0,"",F52-G52) | L52: =IF(ISBLANK(J52)=TRUE,"예산 입력 요망",IF(ISBLANK(K52)=TRUE,"매출 입력 요망",K52-J52)) -> 예산 입력 요망
A53: 49 | B53: =IF(ISERROR(VLOOKUP($A53,WBS!$A$5:$G823,2,FALSE))=TRUE,"",IF(ISBLANK(VLOOKUP($A53,WBS!$A$5:$G823,2,FALSE))=TRUE,"",VLOOKUP($A53,WBS!$A$5:$G823,2,FALSE))) | C53: =IF(ISERROR(VLOOKUP($A53,WBS!$A76:$G823,5,FALSE))=TRUE,"",VLOOKUP($A53,WBS!$A76:$G823,5,FALSE)) | D53: =IF(ISERROR(VLOOKUP($A53,WBS!$A76:$G823,6,FALSE))=TRUE,"",VLOOKUP($A53,WBS!$A76:$G823,6,FALSE)) | E53: =IF(COUNTIF('2012 HR 배정표'!$G$5:$AC$400,$A53)=0,"",COUNTIF('2012 HR 배정표'!$G$5:$AC$400,$A53)) | G53: =SUMIF(Temp!$AW$7:$AW$2001,A53,Temp!$AX$7:$AX$2001) -> 0 | H53: =IF(F53-G53=0,"",F53-G53) | L53: =IF(ISBLANK(J53)=TRUE,"예산 입력 요망",IF(ISBLANK(K53)=TRUE,"매출 입력 요망",K53-J53)) -> 예산 입력 요망
A54: 50 | B54: =IF(ISERROR(VLOOKUP($A54,WBS!$A$5:$G824,2,FALSE))=TRUE,"",IF(ISBLANK(VLOOKUP($A54,WBS!$A$5:$G824,2,FALSE))=TRUE,"",VLOOKUP($A54,WBS!$A$5:$G824,2,FALSE))) | C54: =IF(ISERROR(VLOOKUP($A54,WBS!$A77:$G824,5,FALSE))=TRUE,"",VLOOKUP($A54,WBS!$A77:$G824,5,FALSE)) | D54: =IF(ISERROR(VLOOKUP($A54,WBS!$A77:$G824,6,FALSE))=TRUE,"",VLOOKUP($A54,WBS!$A77:$G824,6,FALSE)) | E54: =IF(COUNTIF('2012 HR 배정표'!$G$5:$AC$400,$A54)=0,"",COUNTIF('2012 HR 배정표'!$G$5:$AC$400,$A54)) | G54: =SUMIF(Temp!$AW$7:$AW$2001,A54,Temp!$AX$7:$AX$2001) -> 0 | H54: =IF(F54-G54=0,"",F54-G54) | L54: =IF(ISBLANK(J54)=TRUE,"예산 입력 요망",IF(ISBLANK(K54)=TRUE,"매출 입력 요망",K54-J54)) -> 예산 입력 요망
A55: 51 | B55: =IF(ISERROR(VLOOKUP($A55,WBS!$A$5:$G825,2,FALSE))=TRUE,"",IF(ISBLANK(VLOOKUP($A55,WBS!$A$5:$G825,2,FALSE))=TRUE,"",VLOOKUP($A55,WBS!$A$5:$G825,2,FALSE))) | C55: =IF(ISERROR(VLOOKUP($A55,WBS!$A78:$G825,5,FALSE))=TRUE,"",VLOOKUP($A55,WBS!$A78:$G825,5,FALSE)) | D55: =IF(ISERROR(VLOOKUP($A55,WBS!$A78:$G825,6,FALSE))=TRUE,"",VLOOKUP($A55,WBS!$A78:$G825,6,FALSE)) | E55: =IF(COUNTIF('2012 HR 배정표'!$G$5:$AC$400,$A55)=0,"",COUNTIF('2012 HR 배정표'!$G$5:$AC$400,$A55)) | G55: =SUMIF(Temp!$AW$7:$AW$2001,A55,Temp!$AX$7:$AX$2001) -> 0 | H55: =IF(F55-G55=0,"",F55-G55) | L55: =IF(ISBLANK(J55)=TRUE,"예산 입력 요망",IF(ISBLANK(K55)=TRUE,"매출 입력 요망",K55-J55)) -> 예산 입력 요망
A56: 52 | B56: =IF(ISERROR(VLOOKUP($A56,WBS!$A$5:$G826,2,FALSE))=TRUE,"",IF(ISBLANK(VLOOKUP($A56,WBS!$A$5:$G826,2,FALSE))=TRUE,"",VLOOKUP($A56,WBS!$A$5:$G826,2,FALSE))) | C56: =IF(ISERROR(VLOOKUP($A56,WBS!$A79:$G826,5,FALSE))=TRUE,"",VLOOKUP($A56,WBS!$A79:$G826,5,FALSE)) | D56: =IF(ISERROR(VLOOKUP($A56,WBS!$A79:$G826,6,FALSE))=TRUE,"",VLOOKUP($A56,WBS!$A79:$G826,6,FALSE)) | E56: =IF(COUNTIF('2012 HR 배정표'!$G$5:$AC$400,$A56)=0,"",COUNTIF('2012 HR 배정표'!$G$5:$AC$400,$A56)) | G56: =SUMIF(Temp!$AW$7:$AW$2001,A56,Temp!$AX$7:$AX$2001) -> 0 | H56: =IF(F56-G56=0,"",F56-G56) | L56: =IF(ISBLANK(J56)=TRUE,"예산 입력 요망",IF(ISBLANK(K56)=TRUE,"매출 입력 요망",K56-J56)) -> 예산 입력 요망
A57: 53 | B57: =IF(ISERROR(VLOOKUP($A57,WBS!$A$5:$G827,2,FALSE))=TRUE,"",IF(ISBLANK(VLOOKUP($A57,WBS!$A$5:$G827,2,FALSE))=TRUE,"",VLOOKUP($A57,WBS!$A$5:$G827,2,FALSE))) | C57: =IF(ISERROR(VLOOKUP($A57,WBS!$A80:$G827,5,FALSE))=TRUE,"",VLOOKUP($A57,WBS!$A80:$G827,5,FALSE)) | D57: =IF(ISERROR(VLOOKUP($A57,WBS!$A80:$G827,6,FALSE))=TRUE,"",VLOOKUP($A57,WBS!$A80:$G827,6,FALSE)) | E57: =IF(COUNTIF('2012 HR 배정표'!$G$5:$AC$400,$A57)=0,"",COUNTIF('2012 HR 배정표'!$G$5:$AC$400,$A57)) | G57: =SUMIF(Temp!$AW$7:$AW$2001,A57,Temp!$AX$7:$AX$2001) -> 0 | H57: =IF(F57-G57=0,"",F57-G57) | L57: =IF(ISBLANK(J57)=TRUE,"예산 입력 요망",IF(ISBLANK(K57)=TRUE,"매출 입력 요망",K57-J57)) -> 예산 입력 요망
A58: 54 | B58: =IF(ISERROR(VLOOKUP($A58,WBS!$A$5:$G828,2,FALSE))=TRUE,"",IF(ISBLANK(VLOOKUP($A58,WBS!$A$5:$G828,2,FALSE))=TRUE,"",VLOOKUP($A58,WBS!$A$5:$G828,2,FALSE))) | C58: =IF(ISERROR(VLOOKUP($A58,WBS!$A81:$G828,5,FALSE))=TRUE,"",VLOOKUP($A58,WBS!$A81:$G828,5,FALSE)) | D58: =IF(ISERROR(VLOOKUP($A58,WBS!$A81:$G828,6,FALSE))=TRUE,"",VLOOKUP($A58,WBS!$A81:$G828,6,FALSE)) | E58: =IF(COUNTIF('2012 HR 배정표'!$G$5:$AC$400,$A58)=0,"",COUNTIF('2012 HR 배정표'!$G$5:$AC$400,$A58)) | G58: =SUMIF(Temp!$AW$7:$AW$2001,A58,Temp!$AX$7:$AX$2001) -> 0 | H58: =IF(F58-G58=0,"",F58-G58) | L58: =IF(ISBLANK(J58)=TRUE,"예산 입력 요망",IF(ISBLANK(K58)=TRUE,"매출 입력 요망",K58-J58)) -> 예산 입력 요망
A59: 55 | B59: =IF(ISERROR(VLOOKUP($A59,WBS!$A$5:$G829,2,FALSE))=TRUE,"",IF(ISBLANK(VLOOKUP($A59,WBS!$A$5:$G829,2,FALSE))=TRUE,"",VLOOKUP($A59,WBS!$A$5:$G829,2,FALSE))) | C59: =IF(ISERROR(VLOOKUP($A59,WBS!$A82:$G829,5,FALSE))=TRUE,"",VLOOKUP($A59,WBS!$A82:$G829,5,FALSE)) | D59: =IF(ISERROR(VLOOKUP($A59,WBS!$A82:$G829,6,FALSE))=TRUE,"",VLOOKUP($A59,WBS!$A82:$G829,6,FALSE)) | E59: =IF(COUNTIF('2012 HR 배정표'!$G$5:$AC$400,$A59)=0,"",COUNTIF('2012 HR 배정표'!$G$5:$AC$400,$A59)) | G59: =SUMIF(Temp!$AW$7:$AW$2001,A59,Temp!$AX$7:$AX$2001) -> 0 | H59: =IF(F59-G59=0,"",F59-G59) | L59: =IF(ISBLANK(J59)=TRUE,"예산 입력 요망",IF(ISBLANK(K59)=TRUE,"매출 입력 요망",K59-J59)) -> 예산 입력 요망

Sheet Dummy(notouch)
B1: Dumy 수식 >>> 본 장표의 B,C열을 입력/수정/삭제하지 마세요.
B2: =IF(AND(MONTH(TODAY())='2012 HR 배정표'!F$3,ISNUMBER('2012 HR 배정표'!F5)=TRUE),VLOOKUP('2012 HR 배정표'!F5,Prj_list!$A$5:$B$201,2,FALSE),IF(AND(MONTH(TODAY())='2012 HR 배정표'!H$3,ISNUMBER('2012 HR 배정표'!H5)=TRUE),VLOOKUP('2012 HR 배정표'!H5,Prj_list!$A$5:$B$201,2,FALSE),IF(AND(MONTH(TODAY())='2012 HR 배정표'!J$3,ISNUMBER('2012 HR 배정표'!J5)=TRUE),VLOOKUP('2012 HR 배정표'!J5,Prj_list!$A$5:$B$201,2,FALSE),IF(AND(MONTH(TODAY())='2012 HR 배정표'!L$3,ISNUMBER('2012 HR 배정표'!L5)=TRUE),VLOOKUP('2012 HR 배정표'!L5,Prj_list!$A$5:$B$201,2,FALSE),IF(AND(MONTH(TODAY())='2012 HR 배정표'!N$3,ISNUMBER('2012 HR 배정표'!N5)=TRUE),VLOOKUP('2012 HR 배정표'!N5,Prj_list!$A$5:$B$201,2,FALSE),""))))) | C2: =IF(AND(MONTH(TODAY())='2012 HR 배정표'!P$3,ISNUMBER('2012 HR 배정표'!P5)=TRUE),VLOOKUP('2012 HR 배정표'!P5,Prj_list!$A$5:$B$201,2,FALSE),IF(AND(MONTH(TODAY())='2012 HR 배정표'!R$3,ISNUMBER('2012 HR 배정표'!R5)=TRUE),VLOOKUP('2012 HR 배정표'!R5,Prj_list!$A$5:$B$201,2,FALSE),IF(AND(MONTH(TODAY())='2012 HR 배정표'!T$3,ISNUMBER('2012 HR 배정표'!T5)=TRUE),VLOOKUP('2012 HR 배정표'!T5,Prj_list!$A$5:$B$201,2,FALSE),IF(AND(MONTH(TODAY())='2012 HR 배정표'!V$3,ISNUMBER('2012 HR 배정표'!V5)=TRUE),VLOOKUP('2012 HR 배정표'!V5,Prj_list!$A$5:$B$201,2,FALSE),IF(AND(MONTH(TODAY())='2012 HR 배정표'!X$3,ISNUMBER('2012 HR 배정표'!X5)=TRUE),VLOOKUP('2012 HR 배정표'!X5,Prj_list!$A$5:$B$201,2,FALSE),IF(AND(MONTH(TODAY())='2012 HR 배정표'!Z$3,ISNUMBER('2012 HR 배정표'!Z5)=TRUE),VLOOKUP('2012 HR 배정표'!Z5,Prj_list!$A$5:$B$201,2,FALSE),IF(AND(MONTH(TODAY())='2012 HR 배정표'!AB$3,ISNUMBER('2012 HR 배정표'!AB5)=TRUE),VLOOKUP('2012 HR 배정표'!AB5,Prj_list!$A$5:$B$201,2,FALSE),"")))))))
B3: =IF(AND(MONTH(TODAY())='2012 HR 배정표'!F$3,ISNUMBER('2012 HR 배정표'!F6)=TRUE),VLOOKUP('2012 HR 배정표'!F6,Prj_list!$A$5:$B$201,2,FALSE),IF(AND(MONTH(TODAY())='2012 HR 배정표'!H$3,ISNUMBER('2012 HR 배정표'!H6)=TRUE),VLOOKUP('2012 HR 배정표'!H6,Prj_list!$A$5:$B$201,2,FALSE),IF(AND(MONTH(TODAY())='2012 HR 배정표'!J$3,ISNUMBER('2012 HR 배정표'!J6)=TRUE),VLOOKUP('2012 HR 배정표'!J6,Prj_list!$A$5:$B$201,2,FALSE),IF(AND(MONTH(TODAY())='2012 HR 배정표'!L$3,ISNUMBER('2012 HR 배정표'!L6)=TRUE),VLOOKUP('2012 HR 배정표'!L6,Prj_list!$A$5:$B$201,2,FALSE),IF(AND(MONTH(TODAY())='2012 HR 배정표'!N$3,ISNUMBER('2012 HR 배정표'!N6)=TRUE),VLOOKUP('2012 HR 배정표'!N6,Prj_list!$A$5:$B$201,2,FALSE),""))))) | C3: =IF(AND(MONTH(TODAY())='2012 HR 배정표'!P$3,ISNUMBER('2012 HR 배정표'!P6)=TRUE),VLOOKUP('2012 HR 배정표'!P6,Prj_list!$A$5:$B$201,2,FALSE),IF(AND(MONTH(TODAY())='2012 HR 배정표'!R$3,ISNUMBER('2012 HR 배정표'!R6)=TRUE),VLOOKUP('2012 HR 배정표'!R6,Prj_list!$A$5:$B$201,2,FALSE),IF(AND(MONTH(TODAY())='2012 HR 배정표'!T$3,ISNUMBER('2012 HR 배정표'!T6)=TRUE),VLOOKUP('2012 HR 배정표'!T6,Prj_list!$A$5:$B$201,2,FALSE),IF(AND(MONTH(TODAY())='2012 HR 배정표'!V$3,ISNUMBER('2012 HR 배정표'!V6)=TRUE),VLOOKUP('2012 HR 배정표'!V6,Prj_list!$A$5:$B$201,2,FALSE),IF(AND(MONTH(TODAY())='2012 HR 배정표'!X$3,ISNUMBER('2012 HR 배정표'!X6)=TRUE),VLOOKUP('2012 HR 배정표'!X6,Prj_list!$A$5:$B$201,2,FALSE),IF(AND(MONTH(TODAY())='2012 HR 배정표'!Z$3,ISNUMBER('2012 HR 배정표'!Z6)=TRUE),VLOOKUP('2012 HR 배정표'!Z6,Prj_list!$A$5:$B$201,2,FALSE),IF(AND(MONTH(TODAY())='2012 HR 배정표'!AB$3,ISNUMBER('2012 HR 배정표'!AB6)=TRUE),VLOOKUP('2012 HR 배정표'!AB6,Prj_list!$A$5:$B$201,2,FALSE),"")))))))
B4: =IF(AND(MONTH(TODAY())='2012 HR 배정표'!F$3,ISNUMBER('2012 HR 배정표'!F7)=TRUE),VLOOKUP('2012 HR 배정표'!F7,Prj_list!$A$5:$B$201,2,FALSE),IF(AND(MONTH(TODAY())='2012 HR 배정표'!H$3,ISNUMBER('2012 HR 배정표'!H7)=TRUE),VLOOKUP('2012 HR 배정표'!H7,Prj_list!$A$5:$B$201,2,FALSE),IF(AND(MONTH(TODAY())='2012 HR 배정표'!J$3,ISNUMBER('2012 HR 배정표'!J7)=TRUE),VLOOKUP('2012 HR 배정표'!J7,Prj_list!$A$5:$B$201,2,FALSE),IF(AND(MONTH(TODAY())='2012 HR 배정표'!L$3,ISNUMBER('2012 HR 배정표'!L7)=TRUE),VLOOKUP('2012 HR 배정표'!L7,Prj_list!$A$5:$B$201,2,FALSE),IF(AND(MONTH(TODAY())='2012 HR 배정표'!N$3,ISNUMBER('2012 HR 배정표'!N7)=TRUE),VLOOKUP('2012 HR 배정표'!N7,Prj_list!$A$5:$B$201,2,FALSE),""))))) | C4: =IF(AND(MONTH(TODAY())='2012 HR 배정표'!P$3,ISNUMBER('2012 HR 배정표'!P7)=TRUE),VLOOKUP('2012 HR 배정표'!P7,Prj_list!$A$5:$B$201,2,FALSE),IF(AND(MONTH(TODAY())='2012 HR 배정표'!R$3,ISNUMBER('2012 HR 배정표'!R7)=TRUE),VLOOKUP('2012 HR 배정표'!R7,Prj_list!$A$5:$B$201,2,FALSE),IF(AND(MONTH(TODAY())='2012 HR 배정표'!T$3,ISNUMBER('2012 HR 배정표'!T7)=TRUE),VLOOKUP('2012 HR 배정표'!T7,Prj_list!$A$5:$B$201,2,FALSE),IF(AND(MONTH(TODAY())='2012 HR 배정표'!V$3,ISNUMBER('2012 HR 배정표'!V7)=TRUE),VLOOKUP('2012 HR 배정표'!V7,Prj_list!$A$5:$B$201,2,FALSE),IF(AND(MONTH(TODAY())='2012 HR 배정표'!X$3,ISNUMBER('2012 HR 배정표'!X7)=TRUE),VLOOKUP('2012 HR 배정표'!X7,Prj_list!$A$5:$B$201,2,FALSE),IF(AND(MONTH(TODAY())='2012 HR 배정표'!Z$3,ISNUMBER('2012 HR 배정표'!Z7)=TRUE),VLOOKUP('2012 HR 배정표'!Z7,Prj_list!$A$5:$B$201,2,FALSE),IF(AND(MONTH(TODAY())='2012 HR 배정표'!AB$3,ISNUMBER('2012 HR 배정표'!AB7)=TRUE),VLOOKUP('2012 HR 배정표'!AB7,Prj_list!$A$5:$B$201,2,FALSE),"")))))))
B5: =IF(AND(MONTH(TODAY())='2012 HR 배정표'!F$3,ISNUMBER('2012 HR 배정표'!F8)=TRUE),VLOOKUP('2012 HR 배정표'!F8,Prj_list!$A$5:$B$201,2,FALSE),IF(AND(MONTH(TODAY())='2012 HR 배정표'!H$3,ISNUMBER('2012 HR 배정표'!H8)=TRUE),VLOOKUP('2012 HR 배정표'!H8,Prj_list!$A$5:$B$201,2,FALSE),IF(AND(MONTH(TODAY())='2012 HR 배정표'!J$3,ISNUMBER('2012 HR 배정표'!J8)=TRUE),VLOOKUP('2012 HR 배정표'!J8,Prj_list!$A$5:$B$201,2,FALSE),IF(AND(MONTH(TODAY())='2012 HR 배정표'!L$3,ISNUMBER('2012 HR 배정표'!L8)=TRUE),VLOOKUP('2012 HR 배정표'!L8,Prj_list!$A$5:$B$201,2,FALSE),IF(AND(MONTH(TODAY())='2012 HR 배정표'!N$3,ISNUMBER('2012 HR 배정표'!N8)=TRUE),VLOOKUP('2012 HR 배정표'!N8,Prj_list!$A$5:$B$201,2,FALSE),""))))) | C5: =IF(AND(MONTH(TODAY())='2012 HR 배정표'!P$3,ISNUMBER('2012 HR 배정표'!P8)=TRUE),VLOOKUP('2012 HR 배정표'!P8,Prj_list!$A$5:$B$201,2,FALSE),IF(AND(MONTH(TODAY())='2012 HR 배정표'!R$3,ISNUMBER('2012 HR 배정표'!R8)=TRUE),VLOOKUP('2012 HR 배정표'!R8,Prj_list!$A$5:$B$201,2,FALSE),IF(AND(MONTH(TODAY())='2012 HR 배정표'!T$3,ISNUMBER('2012 HR 배정표'!T8)=TRUE),VLOOKUP('2012 HR 배정표'!T8,Prj_list!$A$5:$B$201,2,FALSE),IF(AND(MONTH(TODAY())='2012 HR 배정표'!V$3,ISNUMBER('2012 HR 배정표'!V8)=TRUE),VLOOKUP('2012 HR 배정표'!V8,Prj_list!$A$5:$B$201,2,FALSE),IF(AND(MONTH(TODAY())='2012 HR 배정표'!X$3,ISNUMBER('2012 HR 배정표'!X8)=TRUE),VLOOKUP('2012 HR 배정표'!X8,Prj_list!$A$5:$B$201,2,FALSE),IF(AND(MONTH(TODAY())='2012 HR 배정표'!Z$3,ISNUMBER('2012 HR 배정표'!Z8)=TRUE),VLOOKUP('2012 HR 배정표'!Z8,Prj_list!$A$5:$B$201,2,FALSE),IF(AND(MONTH(TODAY())='2012 HR 배정표'!AB$3,ISNUMBER('2012 HR 배정표'!AB8)=TRUE),VLOOKUP('2012 HR 배정표'!AB8,Prj_list!$A$5:$B$201,2,FALSE),"")))))))
B6: =IF(AND(MONTH(TODAY())='2012 HR 배정표'!F$3,ISNUMBER('2012 HR 배정표'!F9)=TRUE),VLOOKUP('2012 HR 배정표'!F9,Prj_list!$A$5:$B$201,2,FALSE),IF(AND(MONTH(TODAY())='2012 HR 배정표'!H$3,ISNUMBER('2012 HR 배정표'!H9)=TRUE),VLOOKUP('2012 HR 배정표'!H9,Prj_list!$A$5:$B$201,2,FALSE),IF(AND(MONTH(TODAY())='2012 HR 배정표'!J$3,ISNUMBER('2012 HR 배정표'!J9)=TRUE),VLOOKUP('2012 HR 배정표'!J9,Prj_list!$A$5:$B$201,2,FALSE),IF(AND(MONTH(TODAY())='2012 HR 배정표'!L$3,ISNUMBER('2012 HR 배정표'!L9)=TRUE),VLOOKUP('2012 HR 배정표'!L9,Prj_list!$A$5:$B$201,2,FALSE),IF(AND(MONTH(TODAY())='2012 HR 배정표'!N$3,ISNUMBER('2012 HR 배정표'!N9)=TRUE),VLOOKUP('2012 HR 배정표'!N9,Prj_list!$A$5:$B$201,2,FALSE),""))))) | C6: =IF(AND(MONTH(TODAY())='2012 HR 배정표'!P$3,ISNUMBER('2012 HR 배정표'!P9)=TRUE),VLOOKUP('2012 HR 배정표'!P9,Prj_list!$A$5:$B$201,2,FALSE),IF(AND(MONTH(TODAY())='2012 HR 배정표'!R$3,ISNUMBER('2012 HR 배정표'!R9)=TRUE),VLOOKUP('2012 HR 배정표'!R9,Prj_list!$A$5:$B$201,2,FALSE),IF(AND(MONTH(TODAY())='2012 HR 배정표'!T$3,ISNUMBER('2012 HR 배정표'!T9)=TRUE),VLOOKUP('2012 HR 배정표'!T9,Prj_list!$A$5:$B$201,2,FALSE),IF(AND(MONTH(TODAY())='2012 HR 배정표'!V$3,ISNUMBER('2012 HR 배정표'!V9)=TRUE),VLOOKUP('2012 HR 배정표'!V9,Prj_list!$A$5:$B$201,2,FALSE),IF(AND(MONTH(TODAY())='2012 HR 배정표'!X$3,ISNUMBER('2012 HR 배정표'!X9)=TRUE),VLOOKUP('2012 HR 배정표'!X9,Prj_list!$A$5:$B$201,2,FALSE),IF(AND(MONTH(TODAY())='2012 HR 배정표'!Z$3,ISNUMBER('2012 HR 배정표'!Z9)=TRUE),VLOOKUP('2012 HR 배정표'!Z9,Prj_list!$A$5:$B$201,2,FALSE),IF(AND(MONTH(TODAY())='2012 HR 배정표'!AB$3,ISNUMBER('2012 HR 배정표'!AB9)=TRUE),VLOOKUP('2012 HR 배정표'!AB9,Prj_list!$A$5:$B$201,2,FALSE),"")))))))
B7: =IF(AND(MONTH(TODAY())='2012 HR 배정표'!F$3,ISNUMBER('2012 HR 배정표'!F10)=TRUE),VLOOKUP('2012 HR 배정표'!F10,Prj_list!$A$5:$B$201,2,FALSE),IF(AND(MONTH(TODAY())='2012 HR 배정표'!H$3,ISNUMBER('2012 HR 배정표'!H10)=TRUE),VLOOKUP('2012 HR 배정표'!H10,Prj_list!$A$5:$B$201,2,FALSE),IF(AND(MONTH(TODAY())='2012 HR 배정표'!J$3,ISNUMBER('2012 HR 배정표'!J10)=TRUE),VLOOKUP('2012 HR 배정표'!J10,Prj_list!$A$5:$B$201,2,FALSE),IF(AND(MONTH(TODAY())='2012 HR 배정표'!L$3,ISNUMBER('2012 HR 배정표'!L10)=TRUE),VLOOKUP('2012 HR 배정표'!L10,Prj_list!$A$5:$B$201,2,FALSE),IF(AND(MONTH(TODAY())='2012 HR 배정표'!N$3,ISNUMBER('2012 HR 배정표'!N10)=TRUE),VLOOKUP('2012 HR 배정표'!N10,Prj_list!$A$5:$B$201,2,FALSE),""))))) | C7: =IF(AND(MONTH(TODAY())='2012 HR 배정표'!P$3,ISNUMBER('2012 HR 배정표'!P10)=TRUE),VLOOKUP('2012 HR 배정표'!P10,Prj_list!$A$5:$B$201,2,FALSE),IF(AND(MONTH(TODAY())='2012 HR 배정표'!R$3,ISNUMBER('2012 HR 배정표'!R10)=TRUE),VLOOKUP('2012 HR 배정표'!R10,Prj_list!$A$5:$B$201,2,FALSE),IF(AND(MONTH(TODAY())='2012 HR 배정표'!T$3,ISNUMBER('2012 HR 배정표'!T10)=TRUE),VLOOKUP('2012 HR 배정표'!T10,Prj_list!$A$5:$B$201,2,FALSE),IF(AND(MONTH(TODAY())='2012 HR 배정표'!V$3,ISNUMBER('2012 HR 배정표'!V10)=TRUE),VLOOKUP('2012 HR 배정표'!V10,Prj_list!$A$5:$B$201,2,FALSE),IF(AND(MONTH(TODAY())='2012 HR 배정표'!X$3,ISNUMBER('2012 HR 배정표'!X10)=TRUE),VLOOKUP('2012 HR 배정표'!X10,Prj_list!$A$5:$B$201,2,FALSE),IF(AND(MONTH(TODAY())='2012 HR 배정표'!Z$3,ISNUMBER('2012 HR 배정표'!Z10)=TRUE),VLOOKUP('2012 HR 배정표'!Z10,Prj_list!$A$5:$B$201,2,FALSE),IF(AND(MONTH(TODAY())='2012 HR 배정표'!AB$3,ISNUMBER('2012 HR 배정표'!AB10)=TRUE),VLOOKUP('2012 HR 배정표'!AB10,Prj_list!$A$5:$B$201,2,FALSE),"")))))))
B8: =IF(AND(MONTH(TODAY())='2012 HR 배정표'!F$3,ISNUMBER('2012 HR 배정표'!F11)=TRUE),VLOOKUP('2012 HR 배정표'!F11,Prj_list!$A$5:$B$201,2,FALSE),IF(AND(MONTH(TODAY())='2012 HR 배정표'!H$3,ISNUMBER('2012 HR 배정표'!H11)=TRUE),VLOOKUP('2012 HR 배정표'!H11,Prj_list!$A$5:$B$201,2,FALSE),IF(AND(MONTH(TODAY())='2012 HR 배정표'!J$3,ISNUMBER('2012 HR 배정표'!J11)=TRUE),VLOOKUP('2012 HR 배정표'!J11,Prj_list!$A$5:$B$201,2,FALSE),IF(AND(MONTH(TODAY())='2012 HR 배정표'!L$3,ISNUMBER('2012 HR 배정표'!L11)=TRUE),VLOOKUP('2012 HR 배정표'!L11,Prj_list!$A$5:$B$201,2,FALSE),IF(AND(MONTH(TODAY())='2012 HR 배정표'!N$3,ISNUMBER('2012 HR 배정표'!N11)=TRUE),VLOOKUP('2012 HR 배정표'!N11,Prj_list!$A$5:$B$201,2,FALSE),""))))) | C8: =IF(AND(MONTH(TODAY())='2012 HR 배정표'!P$3,ISNUMBER('2012 HR 배정표'!P11)=TRUE),VLOOKUP('2012 HR 배정표'!P11,Prj_list!$A$5:$B$201,2,FALSE),IF(AND(MONTH(TODAY())='2012 HR 배정표'!R$3,ISNUMBER('2012 HR 배정표'!R11)=TRUE),VLOOKUP('2012 HR 배정표'!R11,Prj_list!$A$5:$B$201,2,FALSE),IF(AND(MONTH(TODAY())='2012 HR 배정표'!T$3,ISNUMBER('2012 HR 배정표'!T11)=TRUE),VLOOKUP('2012 HR 배정표'!T11,Prj_list!$A$5:$B$201,2,FALSE),IF(AND(MONTH(TODAY())='2012 HR 배정표'!V$3,ISNUMBER('2012 HR 배정표'!V11)=TRUE),VLOOKUP('2012 HR 배정표'!V11,Prj_list!$A$5:$B$201,2,FALSE),IF(AND(MONTH(TODAY())='2012 HR 배정표'!X$3,ISNUMBER('2012 HR 배정표'!X11)=TRUE),VLOOKUP('2012 HR 배정표'!X11,Prj_list!$A$5:$B$201,2,FALSE),IF(AND(MONTH(TODAY())='2012 HR 배정표'!Z$3,ISNUMBER('2012 HR 배정표'!Z11)=TRUE),VLOOKUP('2012 HR 배정표'!Z11,Prj_list!$A$5:$B$201,2,FALSE),IF(AND(MONTH(TODAY())='2012 HR 배정표'!AB$3,ISNUMBER('2012 HR 배정표'!AB11)=TRUE),VLOOKUP('2012 HR 배정표'!AB11,Prj_list!$A$5:$B$201,2,FALSE),"")))))))
B9: =IF(AND(MONTH(TODAY())='2012 HR 배정표'!F$3,ISNUMBER('2012 HR 배정표'!F12)=TRUE),VLOOKUP('2012 HR 배정표'!F12,Prj_list!$A$5:$B$201,2,FALSE),IF(AND(MONTH(TODAY())='2012 HR 배정표'!H$3,ISNUMBER('2012 HR 배정표'!H12)=TRUE),VLOOKUP('2012 HR 배정표'!H12,Prj_list!$A$5:$B$201,2,FALSE),IF(AND(MONTH(TODAY())='2012 HR 배정표'!J$3,ISNUMBER('2012 HR 배정표'!J12)=TRUE),VLOOKUP('2012 HR 배정표'!J12,Prj_list!$A$5:$B$201,2,FALSE),IF(AND(MONTH(TODAY())='2012 HR 배정표'!L$3,ISNUMBER('2012 HR 배정표'!L12)=TRUE),VLOOKUP('2012 HR 배정표'!L12,Prj_list!$A$5:$B$201,2,FALSE),IF(AND(MONTH(TODAY())='2012 HR 배정표'!N$3,ISNUMBER('2012 HR 배정표'!N12)=TRUE),VLOOKUP('2012 HR 배정표'!N12,Prj_list!$A$5:$B$201,2,FALSE),""))))) | C9: =IF(AND(MONTH(TODAY())='2012 HR 배정표'!P$3,ISNUMBER('2012 HR 배정표'!P12)=TRUE),VLOOKUP('2012 HR 배정표'!P12,Prj_list!$A$5:$B$201,2,FALSE),IF(AND(MONTH(TODAY())='2012 HR 배정표'!R$3,ISNUMBER('2012 HR 배정표'!R12)=TRUE),VLOOKUP('2012 HR 배정표'!R12,Prj_list!$A$5:$B$201,2,FALSE),IF(AND(MONTH(TODAY())='2012 HR 배정표'!T$3,ISNUMBER('2012 HR 배정표'!T12)=TRUE),VLOOKUP('2012 HR 배정표'!T12,Prj_list!$A$5:$B$201,2,FALSE),IF(AND(MONTH(TODAY())='2012 HR 배정표'!V$3,ISNUMBER('2012 HR 배정표'!V12)=TRUE),VLOOKUP('2012 HR 배정표'!V12,Prj_list!$A$5:$B$201,2,FALSE),IF(AND(MONTH(TODAY())='2012 HR 배정표'!X$3,ISNUMBER('2012 HR 배정표'!X12)=TRUE),VLOOKUP('2012 HR 배정표'!X12,Prj_list!$A$5:$B$201,2,FALSE),IF(AND(MONTH(TODAY())='2012 HR 배정표'!Z$3,ISNUMBER('2012 HR 배정표'!Z12)=TRUE),VLOOKUP('2012 HR 배정표'!Z12,Prj_list!$A$5:$B$201,2,FALSE),IF(AND(MONTH(TODAY())='2012 HR 배정표'!AB$3,ISNUMBER('2012 HR 배정표'!AB12)=TRUE),VLOOKUP('2012 HR 배정표'!AB12,Prj_list!$A$5:$B$201,2,FALSE),"")))))))
B10: =IF(AND(MONTH(TODAY())='2012 HR 배정표'!F$3,ISNUMBER('2012 HR 배정표'!F13)=TRUE),VLOOKUP('2012 HR 배정표'!F13,Prj_list!$A$5:$B$201,2,FALSE),IF(AND(MONTH(TODAY())='2012 HR 배정표'!H$3,ISNUMBER('2012 HR 배정표'!H13)=TRUE),VLOOKUP('2012 HR 배정표'!H13,Prj_list!$A$5:$B$201,2,FALSE),IF(AND(MONTH(TODAY())='2012 HR 배정표'!J$3,ISNUMBER('2012 HR 배정표'!J13)=TRUE),VLOOKUP('2012 HR 배정표'!J13,Prj_list!$A$5:$B$201,2,FALSE),IF(AND(MONTH(TODAY())='2012 HR 배정표'!L$3,ISNUMBER('2012 HR 배정표'!L13)=TRUE),VLOOKUP('2012 HR 배정표'!L13,Prj_list!$A$5:$B$201,2,FALSE),IF(AND(MONTH(TODAY())='2012 HR 배정표'!N$3,ISNUMBER('2012 HR 배정표'!N13)=TRUE),VLOOKUP('2012 HR 배정표'!N13,Prj_list!$A$5:$B$201,2,FALSE),""))))) | C10: =IF(AND(MONTH(TODAY())='2012 HR 배정표'!P$3,ISNUMBER('2012 HR 배정표'!P13)=TRUE),VLOOKUP('2012 HR 배정표'!P13,Prj_list!$A$5:$B$201,2,FALSE),IF(AND(MONTH(TODAY())='2012 HR 배정표'!R$3,ISNUMBER('2012 HR 배정표'!R13)=TRUE),VLOOKUP('2012 HR 배정표'!R13,Prj_list!$A$5:$B$201,2,FALSE),IF(AND(MONTH(TODAY())='2012 HR 배정표'!T$3,ISNUMBER('2012 HR 배정표'!T13)=TRUE),VLOOKUP('2012 HR 배정표'!T13,Prj_list!$A$5:$B$201,2,FALSE),IF(AND(MONTH(TODAY())='2012 HR 배정표'!V$3,ISNUMBER('2012 HR 배정표'!V13)=TRUE),VLOOKUP('2012 HR 배정표'!V13,Prj_list!$A$5:$B$201,2,FALSE),IF(AND(MONTH(TODAY())='2012 HR 배정표'!X$3,ISNUMBER('2012 HR 배정표'!X13)=TRUE),VLOOKUP('2012 HR 배정표'!X13,Prj_list!$A$5:$B$201,2,FALSE),IF(AND(MONTH(TODAY())='2012 HR 배정표'!Z$3,ISNUMBER('2012 HR 배정표'!Z13)=TRUE),VLOOKUP('2012 HR 배정표'!Z13,Prj_list!$A$5:$B$201,2,FALSE),IF(AND(MONTH(TODAY())='2012 HR 배정표'!AB$3,ISNUMBER('2012 HR 배정표'!AB13)=TRUE),VLOOKUP('2012 HR 배정표'!AB13,Prj_list!$A$5:$B$201,2,FALSE),"")))))))
B11: =IF(AND(MONTH(TODAY())='2012 HR 배정표'!F$3,ISNUMBER('2012 HR 배정표'!F14)=TRUE),VLOOKUP('2012 HR 배정표'!F14,Prj_list!$A$5:$B$201,2,FALSE),IF(AND(MONTH(TODAY())='2012 HR 배정표'!H$3,ISNUMBER('2012 HR 배정표'!H14)=TRUE),VLOOKUP('2012 HR 배정표'!H14,Prj_list!$A$5:$B$201,2,FALSE),IF(AND(MONTH(TODAY())='2012 HR 배정표'!J$3,ISNUMBER('2012 HR 배정표'!J14)=TRUE),VLOOKUP('2012 HR 배정표'!J14,Prj_list!$A$5:$B$201,2,FALSE),IF(AND(MONTH(TODAY())='2012 HR 배정표'!L$3,ISNUMBER('2012 HR 배정표'!L14)=TRUE),VLOOKUP('2012 HR 배정표'!L14,Prj_list!$A$5:$B$201,2,FALSE),IF(AND(MONTH(TODAY())='2012 HR 배정표'!N$3,ISNUMBER('2012 HR 배정표'!N14)=TRUE),VLOOKUP('2012 HR 배정표'!N14,Prj_list!$A$5:$B$201,2,FALSE),""))))) | C11: =IF(AND(MONTH(TODAY())='2012 HR 배정표'!P$3,ISNUMBER('2012 HR 배정표'!P14)=TRUE),VLOOKUP('2012 HR 배정표'!P14,Prj_list!$A$5:$B$201,2,FALSE),IF(AND(MONTH(TODAY())='2012 HR 배정표'!R$3,ISNUMBER('2012 HR 배정표'!R14)=TRUE),VLOOKUP('2012 HR 배정표'!R14,Prj_list!$A$5:$B$201,2,FALSE),IF(AND(MONTH(TODAY())='2012 HR 배정표'!T$3,ISNUMBER('2012 HR 배정표'!T14)=TRUE),VLOOKUP('2012 HR 배정표'!T14,Prj_list!$A$5:$B$201,2,FALSE),IF(AND(MONTH(TODAY())='2012 HR 배정표'!V$3,ISNUMBER('2012 HR 배정표'!V14)=TRUE),VLOOKUP('2012 HR 배정표'!V14,Prj_list!$A$5:$B$201,2,FALSE),IF(AND(MONTH(TODAY())='2012 HR 배정표'!X$3,ISNUMBER('2012 HR 배정표'!X14)=TRUE),VLOOKUP('2012 HR 배정표'!X14,Prj_list!$A$5:$B$201,2,FALSE),IF(AND(MONTH(TODAY())='2012 HR 배정표'!Z$3,ISNUMBER('2012 HR 배정표'!Z14)=TRUE),VLOOKUP('2012 HR 배정표'!Z14,Prj_list!$A$5:$B$201,2,FALSE),IF(AND(MONTH(TODAY())='2012 HR 배정표'!AB$3,ISNUMBER('2012 HR 배정표'!AB14)=TRUE),VLOOKUP('2012 HR 배정표'!AB14,Prj_list!$A$5:$B$201,2,FALSE),"")))))))
B12: =IF(AND(MONTH(TODAY())='2012 HR 배정표'!F$3,ISNUMBER('2012 HR 배정표'!F15)=TRUE),VLOOKUP('2012 HR 배정표'!F15,Prj_list!$A$5:$B$201,2,FALSE),IF(AND(MONTH(TODAY())='2012 HR 배정표'!H$3,ISNUMBER('2012 HR 배정표'!H15)=TRUE),VLOOKUP('2012 HR 배정표'!H15,Prj_list!$A$5:$B$201,2,FALSE),IF(AND(MONTH(TODAY())='2012 HR 배정표'!J$3,ISNUMBER('2012 HR 배정표'!J15)=TRUE),VLOOKUP('2012 HR 배정표'!J15,Prj_list!$A$5:$B$201,2,FALSE),IF(AND(MONTH(TODAY())='2012 HR 배정표'!L$3,ISNUMBER('2012 HR 배정표'!L15)=TRUE),VLOOKUP('2012 HR 배정표'!L15,Prj_list!$A$5:$B$201,2,FALSE),IF(AND(MONTH(TODAY())='2012 HR 배정표'!N$3,ISNUMBER('2012 HR 배정표'!N15)=TRUE),VLOOKUP('2012 HR 배정표'!N15,Prj_list!$A$5:$B$201,2,FALSE),""))))) | C12: =IF(AND(MONTH(TODAY())='2012 HR 배정표'!P$3,ISNUMBER('2012 HR 배정표'!P15)=TRUE),VLOOKUP('2012 HR 배정표'!P15,Prj_list!$A$5:$B$201,2,FALSE),IF(AND(MONTH(TODAY())='2012 HR 배정표'!R$3,ISNUMBER('2012 HR 배정표'!R15)=TRUE),VLOOKUP('2012 HR 배정표'!R15,Prj_list!$A$5:$B$201,2,FALSE),IF(AND(MONTH(TODAY())='2012 HR 배정표'!T$3,ISNUMBER('2012 HR 배정표'!T15)=TRUE),VLOOKUP('2012 HR 배정표'!T15,Prj_list!$A$5:$B$201,2,FALSE),IF(AND(MONTH(TODAY())='2012 HR 배정표'!V$3,ISNUMBER('2012 HR 배정표'!V15)=TRUE),VLOOKUP('2012 HR 배정표'!V15,Prj_list!$A$5:$B$201,2,FALSE),IF(AND(MONTH(TODAY())='2012 HR 배정표'!X$3,ISNUMBER('2012 HR 배정표'!X15)=TRUE),VLOOKUP('2012 HR 배정표'!X15,Prj_list!$A$5:$B$201,2,FALSE),IF(AND(MONTH(TODAY())='2012 HR 배정표'!Z$3,ISNUMBER('2012 HR 배정표'!Z15)=TRUE),VLOOKUP('2012 HR 배정표'!Z15,Prj_list!$A$5:$B$201,2,FALSE),IF(AND(MONTH(TODAY())='2012 HR 배정표'!AB$3,ISNUMBER('2012 HR 배정표'!AB15)=TRUE),VLOOKUP('2012 HR 배정표'!AB15,Prj_list!$A$5:$B$201,2,FALSE),"")))))))
B13: =IF(AND(MONTH(TODAY())='2012 HR 배정표'!F$3,ISNUMBER('2012 HR 배정표'!F16)=TRUE),VLOOKUP('2012 HR 배정표'!F16,Prj_list!$A$5:$B$201,2,FALSE),IF(AND(MONTH(TODAY())='2012 HR 배정표'!H$3,ISNUMBER('2012 HR 배정표'!H16)=TRUE),VLOOKUP('2012 HR 배정표'!H16,Prj_list!$A$5:$B$201,2,FALSE),IF(AND(MONTH(TODAY())='2012 HR 배정표'!J$3,ISNUMBER('2012 HR 배정표'!J16)=TRUE),VLOOKUP('2012 HR 배정표'!J16,Prj_list!$A$5:$B$201,2,FALSE),IF(AND(MONTH(TODAY())='2012 HR 배정표'!L$3,ISNUMBER('2012 HR 배정표'!L16)=TRUE),VLOOKUP('2012 HR 배정표'!L16,Prj_list!$A$5:$B$201,2,FALSE),IF(AND(MONTH(TODAY())='2012 HR 배정표'!N$3,ISNUMBER('2012 HR 배정표'!N16)=TRUE),VLOOKUP('2012 HR 배정표'!N16,Prj_list!$A$5:$B$201,2,FALSE),""))))) | C13: =IF(AND(MONTH(TODAY())='2012 HR 배정표'!P$3,ISNUMBER('2012 HR 배정표'!P16)=TRUE),VLOOKUP('2012 HR 배정표'!P16,Prj_list!$A$5:$B$201,2,FALSE),IF(AND(MONTH(TODAY())='2012 HR 배정표'!R$3,ISNUMBER('2012 HR 배정표'!R16)=TRUE),VLOOKUP('2012 HR 배정표'!R16,Prj_list!$A$5:$B$201,2,FALSE),IF(AND(MONTH(TODAY())='2012 HR 배정표'!T$3,ISNUMBER('2012 HR 배정표'!T16)=TRUE),VLOOKUP('2012 HR 배정표'!T16,Prj_list!$A$5:$B$201,2,FALSE),IF(AND(MONTH(TODAY())='2012 HR 배정표'!V$3,ISNUMBER('2012 HR 배정표'!V16)=TRUE),VLOOKUP('2012 HR 배정표'!V16,Prj_list!$A$5:$B$201,2,FALSE),IF(AND(MONTH(TODAY())='2012 HR 배정표'!X$3,ISNUMBER('2012 HR 배정표'!X16)=TRUE),VLOOKUP('2012 HR 배정표'!X16,Prj_list!$A$5:$B$201,2,FALSE),IF(AND(MONTH(TODAY())='2012 HR 배정표'!Z$3,ISNUMBER('2012 HR 배정표'!Z16)=TRUE),VLOOKUP('2012 HR 배정표'!Z16,Prj_list!$A$5:$B$201,2,FALSE),IF(AND(MONTH(TODAY())='2012 HR 배정표'!AB$3,ISNUMBER('2012 HR 배정표'!AB16)=TRUE),VLOOKUP('2012 HR 배정표'!AB16,Prj_list!$A$5:$B$201,2,FALSE),"")))))))
... B2058: =IF(AND(MONTH(TODAY())='2012 HR 배정표'!F$3,ISNUMBER('2012 HR 배정표'!F2061)=TRUE),VLOOKUP('2012 HR 배정표'!F2061,Prj_list!$A$5:$B$201,2,FALSE),IF(AND(MONTH(TODAY())='2012 HR 배정표'!H$3,ISNUMBER('2012 HR 배정표'!H2061)=TRUE),VLOOKUP('2012 HR 배정표'!H2061,Prj_list!$A$5:$B$201,2,FALSE),IF(AND(MONTH(TODAY())='2012 HR 배정표'!J$3,ISNUMBER('2012 HR 배정표'!J2061)=TRUE),VLOOKUP('2012 HR 배정표'!J2061,Prj_list!$A$5:$B$201,2,FALSE),IF(AND(MONTH(TODAY())='2012 HR 배정표'!L$3,ISNUMBER('2012 HR 배정표'!L2061)=TRUE),VLOOKUP('2012 HR 배정표'!L2061,Prj_list!$A$5:$B$201,2,FALSE),IF(AND(MONTH(TODAY())='2012 HR 배정표'!N$3,ISNUMBER('2012 HR 배정표'!N2061)=TRUE),VLOOKUP('2012 HR 배정표'!N2061,Prj_list!$A$5:$B$201,2,FALSE),""))))) | C2058: =IF(AND(MONTH(TODAY())='2012 HR 배정표'!P$3,ISNUMBER('2012 HR 배정표'!P2061)=TRUE),VLOOKUP('2012 HR 배정표'!P2061,Prj_list!$A$5:$B$201,2,FALSE),IF(AND(MONTH(TODAY())='2012 HR 배정표'!R$3,ISNUMBER('2012 HR 배정표'!R2061)=TRUE),VLOOKUP('2012 HR 배정표'!R2061,Prj_list!$A$5:$B$201,2,FALSE),IF(AND(MONTH(TODAY())='2012 HR 배정표'!T$3,ISNUMBER('2012 HR 배정표'!T2061)=TRUE),VLOOKUP('2012 HR 배정표'!T2061,Prj_list!$A$5:$B$201,2,FALSE),IF(AND(MONTH(TODAY())='2012 HR 배정표'!V$3,ISNUMBER('2012 HR 배정표'!V2061)=TRUE),VLOOKUP('2012 HR 배정표'!V2061,Prj_list!$A$5:$B$201,2,FALSE),IF(AND(MONTH(TODAY())='2012 HR 배정표'!X$3,ISNUMBER('2012 HR 배정표'!X2061)=TRUE),VLOOKUP('2012 HR 배정표'!X2061,Prj_list!$A$5:$B$201,2,FALSE),IF(AND(MONTH(TODAY())='2012 HR 배정표'!Z$3,ISNUMBER('2012 HR 배정표'!Z2061)=TRUE),VLOOKUP('2012 HR 배정표'!Z2061,Prj_list!$A$5:$B$201,2,FALSE),IF(AND(MONTH(TODAY())='2012 HR 배정표'!AB$3,ISNUMBER('2012 HR 배정표'!AB2061)=TRUE),VLOOKUP('2012 HR 배정표'!AB2061,Prj_list!$A$5:$B$201,2,FALSE),"")))))))

Sheet Temp
A1: Dumy 수식 >>> 본 장표는 수정/삭제하지 마세요.
A2: O MM 계산표
A4: 2012 | Y4: 2013
A5: 40909 | C5: 40940 | E5: 40969 | G5: 41000 | I5: 41030 | K5: 41061 | M5: 41091 | O5: 41122 | Q5: 41153 | S5: 41183 | U5: 41214 | W5: 41244 | Y5: 41275 | AA5: 41306 | AC5: 41334 | AE5: 41365 | AG5: 41395 | AI5: 41426 | AK5: 41456 | AM5: 41487 | AO5: 41518 | AQ5: 41548 | AS5: 41579 | AU5: 41609 | AW5: total
A6: WID | B6: MM | C6: WID | D6: MM | E6: WID | F6: MM | G6: WID | H6: MM | I6: WID | J6: MM | K6: WID | L6: MM | M6: WID | N6: MM | O6: WID | P6: MM | Q6: WID | R6: MM | S6: WID | T6: MM | U6: WID | V6: MM | W6: WID | X6: MM | Y6: WID | Z6: MM | AA6: WID | AB6: MM | AC6: WID | AD6: MM | AE6: WID | AF6: MM | AG6: WID | AH6: MM | AI6: WID | AJ6: MM | AK6: WID | AL6: MM | AM6: WID | AN6: MM | AO6: WID | AP6: MM | AQ6: WID | AR6: MM | AS6: WID | AT6: MM | AU6: WID | AV6: MM | AW6: WID | AX6: MM
A7: =IF(ISBLANK('2012 HR 배정표'!F5)=TRUE,"-",'2012 HR 배정표'!F5) -> - | B7: =IF(ISBLANK('2012 HR 배정표'!F5)=TRUE,"-",IF(ISERROR((HLOOKUP($A$5,Prj_list!$O$6:$Z$7,2)*'2012 HR 배정표'!G5)/HLOOKUP($A$5,Prj_list!$O$6:$Z$7,2))=TRUE,"-",(HLOOKUP($A$5,Prj_list!$O$6:$Z$7,2)*'2012 HR 배정표'!G5)/HLOOKUP($A$5,Prj_list!$O$6:$Z$7,2))) -> - | C7: =IF(ISBLANK('2012 HR 배정표'!H5)=TRUE,"-",'2012 HR 배정표'!H5) -> - | D7: =IF(ISBLANK('2012 HR 배정표'!H5)=TRUE,"-",IF(ISERROR((HLOOKUP($A$5,Prj_list!$O$6:$Z$7,2)*'2012 HR 배정표'!I5)/HLOOKUP($A$5,Prj_list!$O$6:$Z$7,2))=TRUE,"-",(HLOOKUP($A$5,Prj_list!$O$6:$Z$7,2)*'2012 HR 배정표'!I5)/HLOOKUP($A$5,Prj_list!$O$6:$Z$7,2))) -> - | E7: =IF(ISBLANK('2012 HR 배정표'!J5)=TRUE,"-",'2012 HR 배정표'!J5) -> - | F7: =IF(ISBLANK('2012 HR 배정표'!J5)=TRUE,"-",IF(ISERROR((HLOOKUP($A$5,Prj_list!$O$6:$Z$7,2)*'2012 HR 배정표'!K5)/HLOOKUP($A$5,Prj_list!$O$6:$Z$7,2))=TRUE,"-",(HLOOKUP($A$5,Prj_list!$O$6:$Z$7,2)*'2012 HR 배정표'!K5)/HLOOKUP($A$5,Prj_list!$O$6:$Z$7,2))) -> - | G7: =IF(ISBLANK('2012 HR 배정표'!L5)=TRUE,"-",'2012 HR 배정표'!L5) -> - | H7: =IF(ISBLANK('2012 HR 배정표'!L5)=TRUE,"-",IF(ISERROR((HLOOKUP($A$5,Prj_list!$O$6:$Z$7,2)*'2012 HR 배정표'!M5)/HLOOKUP($A$5,Prj_list!$O$6:$Z$7,2))=TRUE,"-",(HLOOKUP($A$5,Prj_list!$O$6:$Z$7,2)*'2012 HR 배정표'!M5)/HLOOKUP($A$5,Prj_list!$O$6:$Z$7,2))) -> - | I7: =IF(ISBLANK('2012 HR 배정표'!N5)=TRUE,"-",'2012 HR 배정표'!N5) -> - | J7: =IF(ISBLANK('2012 HR 배정표'!N5)=TRUE,"-",IF(ISERROR((HLOOKUP($A$5,Prj_list!$O$6:$Z$7,2)*'2012 HR 배정표'!O5)/HLOOKUP($A$5,Prj_list!$O$6:$Z$7,2))=TRUE,"-",(HLOOKUP($A$5,Prj_list!$O$6:$Z$7,2)*'2012 HR 배정표'!O5)/HLOOKUP($A$5,Prj_list!$O$6:$Z$7,2))) -> - | K7: =IF(ISBLANK('2012 HR 배정표'!P5)=TRUE,"-",'2012 HR 배정표'!P5) -> - | L7: =IF(ISBLANK('2012 HR 배정표'!P5)=TRUE,"-",IF(ISERROR((HLOOKUP($A$5,Prj_list!$O$6:$Z$7,2)*'2012 HR 배정표'!Q5)/HLOOKUP($A$5,Prj_list!$O$6:$Z$7,2))=TRUE,"-",(HLOOKUP($A$5,Prj_list!$O$6:$Z$7,2)*'2012 HR 배정표'!Q5)/HLOOKUP($A$5,Prj_list!$O$6:$Z$7,2))) -> - | M7: =IF(ISBLANK('2012 HR 배정표'!R5)=TRUE,"-",'2012 HR 배정표'!R5) -> - | N7: =IF(ISBLANK('2012 HR 배정표'!R5)=TRUE,"-",IF(ISERROR((HLOOKUP($A$5,Prj_list!$O$6:$Z$7,2)*'2012 HR 배정표'!S5)/HLOOKUP($A$5,Prj_list!$O$6:$Z$7,2))=TRUE,"-",(HLOOKUP($A$5,Prj_list!$O$6:$Z$7,2)*'2012 HR 배정표'!S5)/HLOOKUP($A$5,Prj_list!$O$6:$Z$7,2))) -> - | O7: =IF(ISBLANK('2012 HR 배정표'!T5)=TRUE,"-",'2012 HR 배정표'!T5) -> - | P7: =IF(ISBLANK('2012 HR 배정표'!T5)=TRUE,"-",IF(ISERROR((HLOOKUP($A$5,Prj_list!$O$6:$Z$7,2)*'2012 HR 배정표'!U5)/HLOOKUP($A$5,Prj_list!$O$6:$Z$7,2))=TRUE,"-",(HLOOKUP($A$5,Prj_list!$O$6:$Z$7,2)*'2012 HR 배정표'!U5)/HLOOKUP($A$5,Prj_list!$O$6:$Z$7,2))) -> - | Q7: =IF(ISBLANK('2012 HR 배정표'!V5)=TRUE,"-",'2012 HR 배정표'!V5) -> - | R7: =IF(ISBLANK('2012 HR 배정표'!V5)=TRUE,"-",IF(ISERROR((HLOOKUP($A$5,Prj_list!$O$6:$Z$7,2)*'2012 HR 배정표'!W5)/HLOOKUP($A$5,Prj_list!$O$6:$Z$7,2))=TRUE,"-",(HLOOKUP($A$5,Prj_list!$O$6:$Z$7,2)*'2012 HR 배정표'!W5)/HLOOKUP($A$5,Prj_list!$O$6:$Z$7,2))) -> - | S7: =IF(ISBLANK('2012 HR 배정표'!X5)=TRUE,"-",'2012 HR 배정표'!X5) -> - | T7: =IF(ISBLANK('2012 HR 배정표'!X5)=TRUE,"-",IF(ISERROR((HLOOKUP($A$5,Prj_list!$O$6:$Z$7,2)*'2012 HR 배정표'!Y5)/HLOOKUP($A$5,Prj_list!$O$6:$Z$7,2))=TRUE,"-",(HLOOKUP($A$5,Prj_list!$O$6:$Z$7,2)*'2012 HR 배정표'!Y5)/HLOOKUP($A$5,Prj_list!$O$6:$Z$7,2))) -> - | U7: =IF(ISBLANK('2012 HR 배정표'!Z5)=TRUE,"-",'2012 HR 배정표'!Z5) -> - | V7: =IF(ISBLANK('2012 HR 배정표'!Z5)=TRUE,"-",IF(ISERROR((HLOOKUP($A$5,Prj_list!$O$6:$Z$7,2)*'2012 HR 배정표'!AA5)/HLOOKUP($A$5,Prj_list!$O$6:$Z$7,2))=TRUE,"-",(HLOOKUP($A$5,Prj_list!$O$6:$Z$7,2)*'2012 HR 배정표'!AA5)/HLOOKUP($A$5,Prj_list!$O$6:$Z$7,2))) -> - | W7: =IF(ISBLANK('2012 HR 배정표'!AB5)=TRUE,"-",'2012 HR 배정표'!AB5) -> - | X7: =IF(ISBLANK('2012 HR 배정표'!AB5)=TRUE,"-",IF(ISERROR((HLOOKUP($A$5,Prj_list!$O$6:$Z$7,2)*'2012 HR 배정표'!AC5)/HLOOKUP($A$5,Prj_list!$O$6:$Z$7,2))=TRUE,"-",(HLOOKUP($A$5,Prj_list!$O$6:$Z$7,2)*'2012 HR 배정표'!AC5)/HLOOKUP($A$5,Prj_list!$O$6:$Z$7,2))) -> - | Y7: =IF(ISBLANK('2012 HR 배정표'!AD5)=TRUE,"-",'2012 HR 배정표'!AD5) -> - | Z7: =IF(ISBLANK('2012 HR 배정표'!AD5)=TRUE,"-",IF(ISERROR((HLOOKUP($A$5,Prj_list!$O$6:$Z$7,2)*'2012 HR 배정표'!AE5)/HLOOKUP($A$5,Prj_list!$O$6:$Z$7,2))=TRUE,"-",(HLOOKUP($A$5,Prj_list!$O$6:$Z$7,2)*'2012 HR 배정표'!AE5)/HLOOKUP($A$5,Prj_list!$O$6:$Z$7,2))) -> - | AA7: =IF(ISBLANK('2012 HR 배정표'!AF5)=TRUE,"-",'2012 HR 배정표'!AF5) -> - | AB7: =IF(ISBLANK('2012 HR 배정표'!AF5)=TRUE,"-",IF(ISERROR((HLOOKUP($A$5,Prj_list!$O$6:$Z$7,2)*'2012 HR 배정표'!AG5)/HLOOKUP($A$5,Prj_list!$O$6:$Z$7,2))=TRUE,"-",(HLOOKUP($A$5,Prj_list!$O$6:$Z$7,2)*'2012 HR 배정표'!AG5)/HLOOKUP($A$5,Prj_list!$O$6:$Z$7,2))) -> - | AC7: =IF(ISBLANK('2012 HR 배정표'!AH5)=TRUE,"-",'2012 HR 배정표'!AH5) -> - | AD7: =IF(ISBLANK('2012 HR 배정표'!AH5)=TRUE,"-",IF(ISERROR((HLOOKUP($A$5,Prj_list!$O$6:$Z$7,2)*'2012 HR 배정표'!AI5)/HLOOKUP($A$5,Prj_list!$O$6:$Z$7,2))=TRUE,"-",(HLOOKUP($A$5,Prj_list!$O$6:$Z$7,2)*'2012 HR 배정표'!AI5)/HLOOKUP($A$5,Prj_list!$O$6:$Z$7,2))) -> - | AE7: =IF(ISBLANK('2012 HR 배정표'!AJ5)=TRUE,"-",'2012 HR 배정표'!AJ5) -> - | AF7: =IF(ISBLANK('2012 HR 배정표'!AJ5)=TRUE,"-",IF(ISERROR((HLOOKUP($A$5,Prj_list!$O$6:$Z$7,2)*'2012 HR 배정표'!AK5)/HLOOKUP($A$5,Prj_list!$O$6:$Z$7,2))=TRUE,"-",(HLOOKUP($A$5,Prj_list!$O$6:$Z$7,2)*'2012 HR 배정표'!AK5)/HLOOKUP($A$5,Prj_list!$O$6:$Z$7,2))) -> - | AG7: =IF(ISBLANK('2012 HR 배정표'!AL5)=TRUE,"-",'2012 HR 배정표'!AL5) -> - | AH7: =IF(ISBLANK('2012 HR 배정표'!AL5)=TRUE,"-",IF(ISERROR((HLOOKUP($A$5,Prj_list!$O$6:$Z$7,2)*'2012 HR 배정표'!AM5)/HLOOKUP($A$5,Prj_list!$O$6:$Z$7,2))=TRUE,"-",(HLOOKUP($A$5,Prj_list!$O$6:$Z$7,2)*'2012 HR 배정표'!AM5)/HLOOKUP($A$5,Prj_list!$O$6:$Z$7,2))) -> - | AI7: =IF(ISBLANK('2012 HR 배정표'!AN5)=TRUE,"-",'2012 HR 배정표'!AN5) -> - | AJ7: =IF(ISBLANK('2012 HR 배정표'!AN5)=TRUE,"-",IF(ISERROR((HLOOKUP($A$5,Prj_list!$O$6:$Z$7,2)*'2012 HR 배정표'!AO5)/HLOOKUP($A$5,Prj_list!$O$6:$Z$7,2))=TRUE,"-",(HLOOKUP($A$5,Prj_list!$O$6:$Z$7,2)*'2012 HR 배정표'!AO5)/HLOOKUP($A$5,Prj_list!$O$6:$Z$7,2))) -> - | AK7: =IF(ISBLANK('2012 HR 배정표'!AP5)=TRUE,"-",'2012 HR 배정표'!AP5) -> - | AL7: =IF(ISBLANK('2012 HR 배정표'!AP5)=TRUE,"-",IF(ISERROR((HLOOKUP($A$5,Prj_list!$O$6:$Z$7,2)*'2012 HR 배정표'!AQ5)/HLOOKUP($A$5,Prj_list!$O$6:$Z$7,2))=TRUE,"-",(HLOOKUP($A$5,Prj_list!$O$6:$Z$7,2)*'2012 HR 배정표'!AQ5)/HLOOKUP($A$5,Prj_list!$O$6:$Z$7,2))) -> - | AM7: =IF(ISBLANK('2012 HR 배정표'!AR5)=TRUE,"-",'2012 HR 배정표'!AR5) -> - | AN7: =IF(ISBLANK('2012 HR 배정표'!AR5)=TRUE,"-",IF(ISERROR((HLOOKUP($A$5,Prj_list!$O$6:$Z$7,2)*'2012 HR 배정표'!AS5)/HLOOKUP($A$5,Prj_list!$O$6:$Z$7,2))=TRUE,"-",(HLOOKUP($A$5,Prj_list!$O$6:$Z$7,2)*'2012 HR 배정표'!AS5)/HLOOKUP($A$5,Prj_list!$O$6:$Z$7,2))) -> - | AO7: =IF(ISBLANK('2012 HR 배정표'!AT5)=TRUE,"-",'2012 HR 배정표'!AT5) -> - | AP7: =IF(ISBLANK('2012 HR 배정표'!AT5)=TRUE,"-",IF(ISERROR((HLOOKUP($A$5,Prj_list!$O$6:$Z$7,2)*'2012 HR 배정표'!AU5)/HLOOKUP($A$5,Prj_list!$O$6:$Z$7,2))=TRUE,"-",(HLOOKUP($A$5,Prj_list!$O$6:$Z$7,2)*'2012 HR 배정표'!AU5)/HLOOKUP($A$5,Prj_list!$O$6:$Z$7,2))) -> - | AQ7: =IF(ISBLANK('2012 HR 배정표'!AV5)=TRUE,"-",'2012 HR 배정표'!AV5) -> - | AR7: =IF(ISBLANK('2012 HR 배정표'!AV5)=TRUE,"-",IF(ISERROR((HLOOKUP($A$5,Prj_list!$O$6:$Z$7,2)*'2012 HR 배정표'!AW5)/HLOOKUP($A$5,Prj_list!$O$6:$Z$7,2))=TRUE,"-",(HLOOKUP($A$5,Prj_list!$O$6:$Z$7,2)*'2012 HR 배정표'!AW5)/HLOOKUP($A$5,Prj_list!$O$6:$Z$7,2))) -> - | AS7: =IF(ISBLANK('2012 HR 배정표'!AX5)=TRUE,"-",'2012 HR 배정표'!AX5) -> - | AT7: =IF(ISBLANK('2012 HR 배정표'!AX5)=TRUE,"-",IF(ISERROR((HLOOKUP($A$5,Prj_list!$O$6:$Z$7,2)*'2012 HR 배정표'!AY5)/HLOOKUP($A$5,Prj_list!$O$6:$Z$7,2))=TRUE,"-",(HLOOKUP($A$5,Prj_list!$O$6:$Z$7,2)*'2012 HR 배정표'!AY5)/HLOOKUP($A$5,Prj_list!$O$6:$Z$7,2))) -> - | AU7: =IF(ISBLANK('2012 HR 배정표'!AZ5)=TRUE,"-",'2012 HR 배정표'!AZ5) -> - | AV7: =IF(ISBLANK('2012 HR 배정표'!AZ5)=TRUE,"-",IF(ISERROR((HLOOKUP($A$5,Prj_list!$O$6:$Z$7,2)*'2012 HR 배정표'!BA5)/HLOOKUP($A$5,Prj_list!$O$6:$Z$7,2))=TRUE,"-",(HLOOKUP($A$5,Prj_list!$O$6:$Z$7,2)*'2012 HR 배정표'!BA5)/HLOOKUP($A$5,Prj_list!$O$6:$Z$7,2))) -> - | AW7: =IF(COUNTIF(A7:AV7,"-")=48,"",SUMPRODUCT(N(MOD(COLUMN(A7:AV7),2)=1),A7:AV7)/((48-COUNTIF(A7:AV7,"-"))/2)) | AX7: =SUMPRODUCT(N(MOD(COLUMN(A7:AV7),2)=0),A7:AV7) -> 0
A8: =IF(ISBLANK('2012 HR 배정표'!F6)=TRUE,"-",'2012 HR 배정표'!F6) -> - | B8: =IF(ISBLANK('2012 HR 배정표'!F6)=TRUE,"-",IF(ISERROR((HLOOKUP($A$5,Prj_list!$O$6:$Z$7,2)*'2012 HR 배정표'!G6)/HLOOKUP($A$5,Prj_list!$O$6:$Z$7,2))=TRUE,"-",(HLOOKUP($A$5,Prj_list!$O$6:$Z$7,2)*'2012 HR 배정표'!G6)/HLOOKUP($A$5,Prj_list!$O$6:$Z$7,2))) -> - | C8: =IF(ISBLANK('2012 HR 배정표'!H6)=TRUE,"-",'2012 HR 배정표'!H6) -> - | D8: =IF(ISBLANK('2012 HR 배정표'!H6)=TRUE,"-",IF(ISERROR((HLOOKUP($A$5,Prj_list!$O$6:$Z$7,2)*'2012 HR 배정표'!I6)/HLOOKUP($A$5,Prj_list!$O$6:$Z$7,2))=TRUE,"-",(HLOOKUP($A$5,Prj_list!$O$6:$Z$7,2)*'2012 HR 배정표'!I6)/HLOOKUP($A$5,Prj_list!$O$6:$Z$7,2))) -> - | E8: =IF(ISBLANK('2012 HR 배정표'!J6)=TRUE,"-",'2012 HR 배정표'!J6) -> - | F8: =IF(ISBLANK('2012 HR 배정표'!J6)=TRUE,"-",IF(ISERROR((HLOOKUP($A$5,Prj_list!$O$6:$Z$7,2)*'2012 HR 배정표'!K6)/HLOOKUP($A$5,Prj_list!$O$6:$Z$7,2))=TRUE,"-",(HLOOKUP($A$5,Prj_list!$O$6:$Z$7,2)*'2012 HR 배정표'!K6)/HLOOKUP($A$5,Prj_list!$O$6:$Z$7,2))) -> - | G8: =IF(ISBLANK('2012 HR 배정표'!L6)=TRUE,"-",'2012 HR 배정표'!L6) -> - | H8: =IF(ISBLANK('2012 HR 배정표'!L6)=TRUE,"-",IF(ISERROR((HLOOKUP($A$5,Prj_list!$O$6:$Z$7,2)*'2012 HR 배정표'!M6)/HLOOKUP($A$5,Prj_list!$O$6:$Z$7,2))=TRUE,"-",(HLOOKUP($A$5,Prj_list!$O$6:$Z$7,2)*'2012 HR 배정표'!M6)/HLOOKUP($A$5,Prj_list!$O$6:$Z$7,2))) -> - | I8: =IF(ISBLANK('2012 HR 배정표'!N6)=TRUE,"-",'2012 HR 배정표'!N6) -> - | J8: =IF(ISBLANK('2012 HR 배정표'!N6)=TRUE,"-",IF(ISERROR((HLOOKUP($A$5,Prj_list!$O$6:$Z$7,2)*'2012 HR 배정표'!O6)/HLOOKUP($A$5,Prj_list!$O$6:$Z$7,2))=TRUE,"-",(HLOOKUP($A$5,Prj_list!$O$6:$Z$7,2)*'2012 HR 배정표'!O6)/HLOOKUP($A$5,Prj_list!$O$6:$Z$7,2))) -> - | K8: =IF(ISBLANK('2012 HR 배정표'!P6)=TRUE,"-",'2012 HR 배정표'!P6) -> - | L8: =IF(ISBLANK('2012 HR 배정표'!P6)=TRUE,"-",IF(ISERROR((HLOOKUP($A$5,Prj_list!$O$6:$Z$7,2)*'2012 HR 배정표'!Q6)/HLOOKUP($A$5,Prj_list!$O$6:$Z$7,2))=TRUE,"-",(HLOOKUP($A$5,Prj_list!$O$6:$Z$7,2)*'2012 HR 배정표'!Q6)/HLOOKUP($A$5,Prj_list!$O$6:$Z$7,2))) -> - | M8: =IF(ISBLANK('2012 HR 배정표'!R6)=TRUE,"-",'2012 HR 배정표'!R6) -> - | N8: =IF(ISBLANK('2012 HR 배정표'!R6)=TRUE,"-",IF(ISERROR((HLOOKUP($A$5,Prj_list!$O$6:$Z$7,2)*'2012 HR 배정표'!S6)/HLOOKUP($A$5,Prj_list!$O$6:$Z$7,2))=TRUE,"-",(HLOOKUP($A$5,Prj_list!$O$6:$Z$7,2)*'2012 HR 배정표'!S6)/HLOOKUP($A$5,Prj_list!$O$6:$Z$7,2))) -> - | O8: =IF(ISBLANK('2012 HR 배정표'!T6)=TRUE,"-",'2012 HR 배정표'!T6) -> - | P8: =IF(ISBLANK('2012 HR 배정표'!T6)=TRUE,"-",IF(ISERROR((HLOOKUP($A$5,Prj_list!$O$6:$Z$7,2)*'2012 HR 배정표'!U6)/HLOOKUP($A$5,Prj_list!$O$6:$Z$7,2))=TRUE,"-",(HLOOKUP($A$5,Prj_list!$O$6:$Z$7,2)*'2012 HR 배정표'!U6)/HLOOKUP($A$5,Prj_list!$O$6:$Z$7,2))) -> - | Q8: =IF(ISBLANK('2012 HR 배정표'!V6)=TRUE,"-",'2012 HR 배정표'!V6) -> - | R8: =IF(ISBLANK('2012 HR 배정표'!V6)=TRUE,"-",IF(ISERROR((HLOOKUP($A$5,Prj_list!$O$6:$Z$7,2)*'2012 HR 배정표'!W6)/HLOOKUP($A$5,Prj_list!$O$6:$Z$7,2))=TRUE,"-",(HLOOKUP($A$5,Prj_list!$O$6:$Z$7,2)*'2012 HR 배정표'!W6)/HLOOKUP($A$5,Prj_list!$O$6:$Z$7,2))) -> - | S8: =IF(ISBLANK('2012 HR 배정표'!X6)=TRUE,"-",'2012 HR 배정표'!X6) -> - | T8: =IF(ISBLANK('2012 HR 배정표'!X6)=TRUE,"-",IF(ISERROR((HLOOKUP($A$5,Prj_list!$O$6:$Z$7,2)*'2012 HR 배정표'!Y6)/HLOOKUP($A$5,Prj_list!$O$6:$Z$7,2))=TRUE,"-",(HLOOKUP($A$5,Prj_list!$O$6:$Z$7,2)*'2012 HR 배정표'!Y6)/HLOOKUP($A$5,Prj_list!$O$6:$Z$7,2))) -> - | U8: =IF(ISBLANK('2012 HR 배정표'!Z6)=TRUE,"-",'2012 HR 배정표'!Z6) -> - | V8: =IF(ISBLANK('2012 HR 배정표'!Z6)=TRUE,"-",IF(ISERROR((HLOOKUP($A$5,Prj_list!$O$6:$Z$7,2)*'2012 HR 배정표'!AA6)/HLOOKUP($A$5,Prj_list!$O$6:$Z$7,2))=TRUE,"-",(HLOOKUP($A$5,Prj_list!$O$6:$Z$7,2)*'2012 HR 배정표'!AA6)/HLOOKUP($A$5,Prj_list!$O$6:$Z$7,2))) -> - | W8: =IF(ISBLANK('2012 HR 배정표'!AB6)=TRUE,"-",'2012 HR 배정표'!AB6) -> - | X8: =IF(ISBLANK('2012 HR 배정표'!AB6)=TRUE,"-",IF(ISERROR((HLOOKUP($A$5,Prj_list!$O$6:$Z$7,2)*'2012 HR 배정표'!AC6)/HLOOKUP($A$5,Prj_list!$O$6:$Z$7,2))=TRUE,"-",(HLOOKUP($A$5,Prj_list!$O$6:$Z$7,2)*'2012 HR 배정표'!AC6)/HLOOKUP($A$5,Prj_list!$O$6:$Z$7,2))) -> - | Y8: =IF(ISBLANK('2012 HR 배정표'!AD6)=TRUE,"-",'2012 HR 배정표'!AD6) -> - | Z8: =IF(ISBLANK('2012 HR 배정표'!AD6)=TRUE,"-",IF(ISERROR((HLOOKUP($A$5,Prj_list!$O$6:$Z$7,2)*'2012 HR 배정표'!AE6)/HLOOKUP($A$5,Prj_list!$O$6:$Z$7,2))=TRUE,"-",(HLOOKUP($A$5,Prj_list!$O$6:$Z$7,2)*'2012 HR 배정표'!AE6)/HLOOKUP($A$5,Prj_list!$O$6:$Z$7,2))) -> - | AA8: =IF(ISBLANK('2012 HR 배정표'!AF6)=TRUE,"-",'2012 HR 배정표'!AF6) -> - | AB8: =IF(ISBLANK('2012 HR 배정표'!AF6)=TRUE,"-",IF(ISERROR((HLOOKUP($A$5,Prj_list!$O$6:$Z$7,2)*'2012 HR 배정표'!AG6)/HLOOKUP($A$5,Prj_list!$O$6:$Z$7,2))=TRUE,"-",(HLOOKUP($A$5,Prj_list!$O$6:$Z$7,2)*'2012 HR 배정표'!AG6)/HLOOKUP($A$5,Prj_list!$O$6:$Z$7,2))) -> - | AC8: =IF(ISBLANK('2012 HR 배정표'!AH6)=TRUE,"-",'2012 HR 배정표'!AH6) -> - | AD8: =IF(ISBLANK('2012 HR 배정표'!AH6)=TRUE,"-",IF(ISERROR((HLOOKUP($A$5,Prj_list!$O$6:$Z$7,2)*'2012 HR 배정표'!AI6)/HLOOKUP($A$5,Prj_list!$O$6:$Z$7,2))=TRUE,"-",(HLOOKUP($A$5,Prj_list!$O$6:$Z$7,2)*'2012 HR 배정표'!AI6)/HLOOKUP($A$5,Prj_list!$O$6:$Z$7,2))) -> - | AE8: =IF(ISBLANK('2012 HR 배정표'!AJ6)=TRUE,"-",'2012 HR 배정표'!AJ6) -> - | AF8: =IF(ISBLANK('2012 HR 배정표'!AJ6)=TRUE,"-",IF(ISERROR((HLOOKUP($A$5,Prj_list!$O$6:$Z$7,2)*'2012 HR 배정표'!AK6)/HLOOKUP($A$5,Prj_list!$O$6:$Z$7,2))=TRUE,"-",(HLOOKUP($A$5,Prj_list!$O$6:$Z$7,2)*'2012 HR 배정표'!AK6)/HLOOKUP($A$5,Prj_list!$O$6:$Z$7,2))) -> - | AG8: =IF(ISBLANK('2012 HR 배정표'!AL6)=TRUE,"-",'2012 HR 배정표'!AL6) -> - | AH8: =IF(ISBLANK('2012 HR 배정표'!AL6)=TRUE,"-",IF(ISERROR((HLOOKUP($A$5,Prj_list!$O$6:$Z$7,2)*'2012 HR 배정표'!AM6)/HLOOKUP($A$5,Prj_list!$O$6:$Z$7,2))=TRUE,"-",(HLOOKUP($A$5,Prj_list!$O$6:$Z$7,2)*'2012 HR 배정표'!AM6)/HLOOKUP($A$5,Prj_list!$O$6:$Z$7,2))) -> - | AI8: =IF(ISBLANK('2012 HR 배정표'!AN6)=TRUE,"-",'2012 HR 배정표'!AN6) -> - | AJ8: =IF(ISBLANK('2012 HR 배정표'!AN6)=TRUE,"-",IF(ISERROR((HLOOKUP($A$5,Prj_list!$O$6:$Z$7,2)*'2012 HR 배정표'!AO6)/HLOOKUP($A$5,Prj_list!$O$6:$Z$7,2))=TRUE,"-",(HLOOKUP($A$5,Prj_list!$O$6:$Z$7,2)*'2012 HR 배정표'!AO6)/HLOOKUP($A$5,Prj_list!$O$6:$Z$7,2))) -> - | AK8: =IF(ISBLANK('2012 HR 배정표'!AP6)=TRUE,"-",'2012 HR 배정표'!AP6) -> - | AL8: =IF(ISBLANK('2012 HR 배정표'!AP6)=TRUE,"-",IF(ISERROR((HLOOKUP($A$5,Prj_list!$O$6:$Z$7,2)*'2012 HR 배정표'!AQ6)/HLOOKUP($A$5,Prj_list!$O$6:$Z$7,2))=TRUE,"-",(HLOOKUP($A$5,Prj_list!$O$6:$Z$7,2)*'2012 HR 배정표'!AQ6)/HLOOKUP($A$5,Prj_list!$O$6:$Z$7,2))) -> - | AM8: =IF(ISBLANK('2012 HR 배정표'!AR6)=TRUE,"-",'2012 HR 배정표'!AR6) -> - | AN8: =IF(ISBLANK('2012 HR 배정표'!AR6)=TRUE,"-",IF(ISERROR((HLOOKUP($A$5,Prj_list!$O$6:$Z$7,2)*'2012 HR 배정표'!AS6)/HLOOKUP($A$5,Prj_list!$O$6:$Z$7,2))=TRUE,"-",(HLOOKUP($A$5,Prj_list!$O$6:$Z$7,2)*'2012 HR 배정표'!AS6)/HLOOKUP($A$5,Prj_list!$O$6:$Z$7,2))) -> - | AO8: =IF(ISBLANK('2012 HR 배정표'!AT6)=TRUE,"-",'2012 HR 배정표'!AT6) -> - | AP8: =IF(ISBLANK('2012 HR 배정표'!AT6)=TRUE,"-",IF(ISERROR((HLOOKUP($A$5,Prj_list!$O$6:$Z$7,2)*'2012 HR 배정표'!AU6)/HLOOKUP($A$5,Prj_list!$O$6:$Z$7,2))=TRUE,"-",(HLOOKUP($A$5,Prj_list!$O$6:$Z$7,2)*'2012 HR 배정표'!AU6)/HLOOKUP($A$5,Prj_list!$O$6:$Z$7,2))) -> - | AQ8: =IF(ISBLANK('2012 HR 배정표'!AV6)=TRUE,"-",'2012 HR 배정표'!AV6) -> - | AR8: =IF(ISBLANK('2012 HR 배정표'!AV6)=TRUE,"-",IF(ISERROR((HLOOKUP($A$5,Prj_list!$O$6:$Z$7,2)*'2012 HR 배정표'!AW6)/HLOOKUP($A$5,Prj_list!$O$6:$Z$7,2))=TRUE,"-",(HLOOKUP($A$5,Prj_list!$O$6:$Z$7,2)*'2012 HR 배정표'!AW6)/HLOOKUP($A$5,Prj_list!$O$6:$Z$7,2))) -> - | AS8: =IF(ISBLANK('2012 HR 배정표'!AX6)=TRUE,"-",'2012 HR 배정표'!AX6) -> - | AT8: =IF(ISBLANK('2012 HR 배정표'!AX6)=TRUE,"-",IF(ISERROR((HLOOKUP($A$5,Prj_list!$O$6:$Z$7,2)*'2012 HR 배정표'!AY6)/HLOOKUP($A$5,Prj_list!$O$6:$Z$7,2))=TRUE,"-",(HLOOKUP($A$5,Prj_list!$O$6:$Z$7,2)*'2012 HR 배정표'!AY6)/HLOOKUP($A$5,Prj_list!$O$6:$Z$7,2))) -> - | AU8: =IF(ISBLANK('2012 HR 배정표'!AZ6)=TRUE,"-",'2012 HR 배정표'!AZ6) -> - | AV8: =IF(ISBLANK('2012 HR 배정표'!AZ6)=TRUE,"-",IF(ISERROR((HLOOKUP($A$5,Prj_list!$O$6:$Z$7,2)*'2012 HR 배정표'!BA6)/HLOOKUP($A$5,Prj_list!$O$6:$Z$7,2))=TRUE,"-",(HLOOKUP($A$5,Prj_list!$O$6:$Z$7,2)*'2012 HR 배정표'!BA6)/HLOOKUP($A$5,Prj_list!$O$6:$Z$7,2))) -> - | AW8: =IF(COUNTIF(A8:AV8,"-")=48,"",SUMPRODUCT(N(MOD(COLUMN(A8:AV8),2)=1),A8:AV8)/((48-COUNTIF(A8:AV8,"-"))/2)) | AX8: =SUMPRODUCT(N(MOD(COLUMN(A8:AV8),2)=0),A8:AV8) -> 0
A9: =IF(ISBLANK('2012 HR 배정표'!F7)=TRUE,"-",'2012 HR 배정표'!F7) -> - | B9: =IF(ISBLANK('2012 HR 배정표'!F7)=TRUE,"-",IF(ISERROR((HLOOKUP($A$5,Prj_list!$O$6:$Z$7,2)*'2012 HR 배정표'!G7)/HLOOKUP($A$5,Prj_list!$O$6:$Z$7,2))=TRUE,"-",(HLOOKUP($A$5,Prj_list!$O$6:$Z$7,2)*'2012 HR 배정표'!G7)/HLOOKUP($A$5,Prj_list!$O$6:$Z$7,2))) -> - | C9: =IF(ISBLANK('2012 HR 배정표'!H7)=TRUE,"-",'2012 HR 배정표'!H7) -> - | D9: =IF(ISBLANK('2012 HR 배정표'!H7)=TRUE,"-",IF(ISERROR((HLOOKUP($A$5,Prj_list!$O$6:$Z$7,2)*'2012 HR 배정표'!I7)/HLOOKUP($A$5,Prj_list!$O$6:$Z$7,2))=TRUE,"-",(HLOOKUP($A$5,Prj_list!$O$6:$Z$7,2)*'2012 HR 배정표'!I7)/HLOOKUP($A$5,Prj_list!$O$6:$Z$7,2))) -> - | E9: =IF(ISBLANK('2012 HR 배정표'!J7)=TRUE,"-",'2012 HR 배정표'!J7) -> - | F9: =IF(ISBLANK('2012 HR 배정표'!J7)=TRUE,"-",IF(ISERROR((HLOOKUP($A$5,Prj_list!$O$6:$Z$7,2)*'2012 HR 배정표'!K7)/HLOOKUP($A$5,Prj_list!$O$6:$Z$7,2))=TRUE,"-",(HLOOKUP($A$5,Prj_list!$O$6:$Z$7,2)*'2012 HR 배정표'!K7)/HLOOKUP($A$5,Prj_list!$O$6:$Z$7,2))) -> - | G9: =IF(ISBLANK('2012 HR 배정표'!L7)=TRUE,"-",'2012 HR 배정표'!L7) -> - | H9: =IF(ISBLANK('2012 HR 배정표'!L7)=TRUE,"-",IF(ISERROR((HLOOKUP($A$5,Prj_list!$O$6:$Z$7,2)*'2012 HR 배정표'!M7)/HLOOKUP($A$5,Prj_list!$O$6:$Z$7,2))=TRUE,"-",(HLOOKUP($A$5,Prj_list!$O$6:$Z$7,2)*'2012 HR 배정표'!M7)/HLOOKUP($A$5,Prj_list!$O$6:$Z$7,2))) -> - | I9: =IF(ISBLANK('2012 HR 배정표'!N7)=TRUE,"-",'2012 HR 배정표'!N7) -> - | J9: =IF(ISBLANK('2012 HR 배정표'!N7)=TRUE,"-",IF(ISERROR((HLOOKUP($A$5,Prj_list!$O$6:$Z$7,2)*'2012 HR 배정표'!O7)/HLOOKUP($A$5,Prj_list!$O$6:$Z$7,2))=TRUE,"-",(HLOOKUP($A$5,Prj_list!$O$6:$Z$7,2)*'2012 HR 배정표'!O7)/HLOOKUP($A$5,Prj_list!$O$6:$Z$7,2))) -> - | K9: =IF(ISBLANK('2012 HR 배정표'!P7)=TRUE,"-",'2012 HR 배정표'!P7) -> - | L9: =IF(ISBLANK('2012 HR 배정표'!P7)=TRUE,"-",IF(ISERROR((HLOOKUP($A$5,Prj_list!$O$6:$Z$7,2)*'2012 HR 배정표'!Q7)/HLOOKUP($A$5,Prj_list!$O$6:$Z$7,2))=TRUE,"-",(HLOOKUP($A$5,Prj_list!$O$6:$Z$7,2)*'2012 HR 배정표'!Q7)/HLOOKUP($A$5,Prj_list!$O$6:$Z$7,2))) -> - | M9: =IF(ISBLANK('2012 HR 배정표'!R7)=TRUE,"-",'2012 HR 배정표'!R7) -> - | N9: =IF(ISBLANK('2012 HR 배정표'!R7)=TRUE,"-",IF(ISERROR((HLOOKUP($A$5,Prj_list!$O$6:$Z$7,2)*'2012 HR 배정표'!S7)/HLOOKUP($A$5,Prj_list!$O$6:$Z$7,2))=TRUE,"-",(HLOOKUP($A$5,Prj_list!$O$6:$Z$7,2)*'2012 HR 배정표'!S7)/HLOOKUP($A$5,Prj_list!$O$6:$Z$7,2))) -> - | O9: =IF(ISBLANK('2012 HR 배정표'!T7)=TRUE,"-",'2012 HR 배정표'!T7) -> - | P9: =IF(ISBLANK('2012 HR 배정표'!T7)=TRUE,"-",IF(ISERROR((HLOOKUP($A$5,Prj_list!$O$6:$Z$7,2)*'2012 HR 배정표'!U7)/HLOOKUP($A$5,Prj_list!$O$6:$Z$7,2))=TRUE,"-",(HLOOKUP($A$5,Prj_list!$O$6:$Z$7,2)*'2012 HR 배정표'!U7)/HLOOKUP($A$5,Prj_list!$O$6:$Z$7,2))) -> - | Q9: =IF(ISBLANK('2012 HR 배정표'!V7)=TRUE,"-",'2012 HR 배정표'!V7) -> - | R9: =IF(ISBLANK('2012 HR 배정표'!V7)=TRUE,"-",IF(ISERROR((HLOOKUP($A$5,Prj_list!$O$6:$Z$7,2)*'2012 HR 배정표'!W7)/HLOOKUP($A$5,Prj_list!$O$6:$Z$7,2))=TRUE,"-",(HLOOKUP($A$5,Prj_list!$O$6:$Z$7,2)*'2012 HR 배정표'!W7)/HLOOKUP($A$5,Prj_list!$O$6:$Z$7,2))) -> - | S9: =IF(ISBLANK('2012 HR 배정표'!X7)=TRUE,"-",'2012 HR 배정표'!X7) -> - | T9: =IF(ISBLANK('2012 HR 배정표'!X7)=TRUE,"-",IF(ISERROR((HLOOKUP($A$5,Prj_list!$O$6:$Z$7,2)*'2012 HR 배정표'!Y7)/HLOOKUP($A$5,Prj_list!$O$6:$Z$7,2))=TRUE,"-",(HLOOKUP($A$5,Prj_list!$O$6:$Z$7,2)*'2012 HR 배정표'!Y7)/HLOOKUP($A$5,Prj_list!$O$6:$Z$7,2))) -> - | U9: =IF(ISBLANK('2012 HR 배정표'!Z7)=TRUE,"-",'2012 HR 배정표'!Z7) -> - | V9: =IF(ISBLANK('2012 HR 배정표'!Z7)=TRUE,"-",IF(ISERROR((HLOOKUP($A$5,Prj_list!$O$6:$Z$7,2)*'2012 HR 배정표'!AA7)/HLOOKUP($A$5,Prj_list!$O$6:$Z$7,2))=TRUE,"-",(HLOOKUP($A$5,Prj_list!$O$6:$Z$7,2)*'2012 HR 배정표'!AA7)/HLOOKUP($A$5,Prj_list!$O$6:$Z$7,2))) -> - | W9: =IF(ISBLANK('2012 HR 배정표'!AB7)=TRUE,"-",'2012 HR 배정표'!AB7) -> - | X9: =IF(ISBLANK('2012 HR 배정표'!AB7)=TRUE,"-",IF(ISERROR((HLOOKUP($A$5,Prj_list!$O$6:$Z$7,2)*'2012 HR 배정표'!AC7)/HLOOKUP($A$5,Prj_list!$O$6:$Z$7,2))=TRUE,"-",(HLOOKUP($A$5,Prj_list!$O$6:$Z$7,2)*'2012 HR 배정표'!AC7)/HLOOKUP($A$5,Prj_list!$O$6:$Z$7,2))) -> - | Y9: =IF(ISBLANK('2012 HR 배정표'!AD7)=TRUE,"-",'2012 HR 배정표'!AD7) -> - | Z9: =IF(ISBLANK('2012 HR 배정표'!AD7)=TRUE,"-",IF(ISERROR((HLOOKUP($A$5,Prj_list!$O$6:$Z$7,2)*'2012 HR 배정표'!AE7)/HLOOKUP($A$5,Prj_list!$O$6:$Z$7,2))=TRUE,"-",(HLOOKUP($A$5,Prj_list!$O$6:$Z$7,2)*'2012 HR 배정표'!AE7)/HLOOKUP($A$5,Prj_list!$O$6:$Z$7,2))) -> - | AA9: =IF(ISBLANK('2012 HR 배정표'!AF7)=TRUE,"-",'2012 HR 배정표'!AF7) -> - | AB9: =IF(ISBLANK('2012 HR 배정표'!AF7)=TRUE,"-",IF(ISERROR((HLOOKUP($A$5,Prj_list!$O$6:$Z$7,2)*'2012 HR 배정표'!AG7)/HLOOKUP($A$5,Prj_list!$O$6:$Z$7,2))=TRUE,"-",(HLOOKUP($A$5,Prj_list!$O$6:$Z$7,2)*'2012 HR 배정표'!AG7)/HLOOKUP($A$5,Prj_list!$O$6:$Z$7,2))) -> - | AC9: =IF(ISBLANK('2012 HR 배정표'!AH7)=TRUE,"-",'2012 HR 배정표'!AH7) -> - | AD9: =IF(ISBLANK('2012 HR 배정표'!AH7)=TRUE,"-",IF(ISERROR((HLOOKUP($A$5,Prj_list!$O$6:$Z$7,2)*'2012 HR 배정표'!AI7)/HLOOKUP($A$5,Prj_list!$O$6:$Z$7,2))=TRUE,"-",(HLOOKUP($A$5,Prj_list!$O$6:$Z$7,2)*'2012 HR 배정표'!AI7)/HLOOKUP($A$5,Prj_list!$O$6:$Z$7,2))) -> - | AE9: =IF(ISBLANK('2012 HR 배정표'!AJ7)=TRUE,"-",'2012 HR 배정표'!AJ7) -> - | AF9: =IF(ISBLANK('2012 HR 배정표'!AJ7)=TRUE,"-",IF(ISERROR((HLOOKUP($A$5,Prj_list!$O$6:$Z$7,2)*'2012 HR 배정표'!AK7)/HLOOKUP($A$5,Prj_list!$O$6:$Z$7,2))=TRUE,"-",(HLOOKUP($A$5,Prj_list!$O$6:$Z$7,2)*'2012 HR 배정표'!AK7)/HLOOKUP($A$5,Prj_list!$O$6:$Z$7,2))) -> - | AG9: =IF(ISBLANK('2012 HR 배정표'!AL7)=TRUE,"-",'2012 HR 배정표'!AL7) -> - | AH9: =IF(ISBLANK('2012 HR 배정표'!AL7)=TRUE,"-",IF(ISERROR((HLOOKUP($A$5,Prj_list!$O$6:$Z$7,2)*'2012 HR 배정표'!AM7)/HLOOKUP($A$5,Prj_list!$O$6:$Z$7,2))=TRUE,"-",(HLOOKUP($A$5,Prj_list!$O$6:$Z$7,2)*'2012 HR 배정표'!AM7)/HLOOKUP($A$5,Prj_list!$O$6:$Z$7,2))) -> - | AI9: =IF(ISBLANK('2012 HR 배정표'!AN7)=TRUE,"-",'2012 HR 배정표'!AN7) -> - | AJ9: =IF(ISBLANK('2012 HR 배정표'!AN7)=TRUE,"-",IF(ISERROR((HLOOKUP($A$5,Prj_list!$O$6:$Z$7,2)*'2012 HR 배정표'!AO7)/HLOOKUP($A$5,Prj_list!$O$6:$Z$7,2))=TRUE,"-",(HLOOKUP($A$5,Prj_list!$O$6:$Z$7,2)*'2012 HR 배정표'!AO7)/HLOOKUP($A$5,Prj_list!$O$6:$Z$7,2))) -> - | AK9: =IF(ISBLANK('2012 HR 배정표'!AP7)=TRUE,"-",'2012 HR 배정표'!AP7) -> - | AL9: =IF(ISBLANK('2012 HR 배정표'!AP7)=TRUE,"-",IF(ISERROR((HLOOKUP($A$5,Prj_list!$O$6:$Z$7,2)*'2012 HR 배정표'!AQ7)/HLOOKUP($A$5,Prj_list!$O$6:$Z$7,2))=TRUE,"-",(HLOOKUP($A$5,Prj_list!$O$6:$Z$7,2)*'2012 HR 배정표'!AQ7)/HLOOKUP($A$5,Prj_list!$O$6:$Z$7,2))) -> - | AM9: =IF(ISBLANK('2012 HR 배정표'!AR7)=TRUE,"-",'2012 HR 배정표'!AR7) -> - | AN9: =IF(ISBLANK('2012 HR 배정표'!AR7)=TRUE,"-",IF(ISERROR((HLOOKUP($A$5,Prj_list!$O$6:$Z$7,2)*'2012 HR 배정표'!AS7)/HLOOKUP($A$5,Prj_list!$O$6:$Z$7,2))=TRUE,"-",(HLOOKUP($A$5,Prj_list!$O$6:$Z$7,2)*'2012 HR 배정표'!AS7)/HLOOKUP($A$5,Prj_list!$O$6:$Z$7,2))) -> - | AO9: =IF(ISBLANK('2012 HR 배정표'!AT7)=TRUE,"-",'2012 HR 배정표'!AT7) -> - | AP9: =IF(ISBLANK('2012 HR 배정표'!AT7)=TRUE,"-",IF(ISERROR((HLOOKUP($A$5,Prj_list!$O$6:$Z$7,2)*'2012 HR 배정표'!AU7)/HLOOKUP($A$5,Prj_list!$O$6:$Z$7,2))=TRUE,"-",(HLOOKUP($A$5,Prj_list!$O$6:$Z$7,2)*'2012 HR 배정표'!AU7)/HLOOKUP($A$5,Prj_list!$O$6:$Z$7,2))) -> - | AQ9: =IF(ISBLANK('2012 HR 배정표'!AV7)=TRUE,"-",'2012 HR 배정표'!AV7) -> - | AR9: =IF(ISBLANK('2012 HR 배정표'!AV7)=TRUE,"-",IF(ISERROR((HLOOKUP($A$5,Prj_list!$O$6:$Z$7,2)*'2012 HR 배정표'!AW7)/HLOOKUP($A$5,Prj_list!$O$6:$Z$7,2))=TRUE,"-",(HLOOKUP($A$5,Prj_list!$O$6:$Z$7,2)*'2012 HR 배정표'!AW7)/HLOOKUP($A$5,Prj_list!$O$6:$Z$7,2))) -> - | AS9: =IF(ISBLANK('2012 HR 배정표'!AX7)=TRUE,"-",'2012 HR 배정표'!AX7) -> - | AT9: =IF(ISBLANK('2012 HR 배정표'!AX7)=TRUE,"-",IF(ISERROR((HLOOKUP($A$5,Prj_list!$O$6:$Z$7,2)*'2012 HR 배정표'!AY7)/HLOOKUP($A$5,Prj_list!$O$6:$Z$7,2))=TRUE,"-",(HLOOKUP($A$5,Prj_list!$O$6:$Z$7,2)*'2012 HR 배정표'!AY7)/HLOOKUP($A$5,Prj_list!$O$6:$Z$7,2))) -> - | AU9: =IF(ISBLANK('2012 HR 배정표'!AZ7)=TRUE,"-",'2012 HR 배정표'!AZ7) -> - | AV9: =IF(ISBLANK('2012 HR 배정표'!AZ7)=TRUE,"-",IF(ISERROR((HLOOKUP($A$5,Prj_list!$O$6:$Z$7,2)*'2012 HR 배정표'!BA7)/HLOOKUP($A$5,Prj_list!$O$6:$Z$7,2))=TRUE,"-",(HLOOKUP($A$5,Prj_list!$O$6:$Z$7,2)*'2012 HR 배정표'!BA7)/HLOOKUP($A$5,Prj_list!$O$6:$Z$7,2))) -> - | AW9: =IF(COUNTIF(A9:AV9,"-")=48,"",SUMPRODUCT(N(MOD(COLUMN(A9:AV9),2)=1),A9:AV9)/((48-COUNTIF(A9:AV9,"-"))/2)) | AX9: =SUMPRODUCT(N(MOD(COLUMN(A9:AV9),2)=0),A9:AV9) -> 0
A10: =IF(ISBLANK('2012 HR 배정표'!F8)=TRUE,"-",'2012 HR 배정표'!F8) -> - | B10: =IF(ISBLANK('2012 HR 배정표'!F8)=TRUE,"-",IF(ISERROR((HLOOKUP($A$5,Prj_list!$O$6:$Z$7,2)*'2012 HR 배정표'!G8)/HLOOKUP($A$5,Prj_list!$O$6:$Z$7,2))=TRUE,"-",(HLOOKUP($A$5,Prj_list!$O$6:$Z$7,2)*'2012 HR 배정표'!G8)/HLOOKUP($A$5,Prj_list!$O$6:$Z$7,2))) -> - | C10: =IF(ISBLANK('2012 HR 배정표'!H8)=TRUE,"-",'2012 HR 배정표'!H8) -> - | D10: =IF(ISBLANK('2012 HR 배정표'!H8)=TRUE,"-",IF(ISERROR((HLOOKUP($A$5,Prj_list!$O$6:$Z$7,2)*'2012 HR 배정표'!I8)/HLOOKUP($A$5,Prj_list!$O$6:$Z$7,2))=TRUE,"-",(HLOOKUP($A$5,Prj_list!$O$6:$Z$7,2)*'2012 HR 배정표'!I8)/HLOOKUP($A$5,Prj_list!$O$6:$Z$7,2))) -> - | E10: =IF(ISBLANK('2012 HR 배정표'!J8)=TRUE,"-",'2012 HR 배정표'!J8) -> - | F10: =IF(ISBLANK('2012 HR 배정표'!J8)=TRUE,"-",IF(ISERROR((HLOOKUP($A$5,Prj_list!$O$6:$Z$7,2)*'2012 HR 배정표'!K8)/HLOOKUP($A$5,Prj_list!$O$6:$Z$7,2))=TRUE,"-",(HLOOKUP($A$5,Prj_list!$O$6:$Z$7,2)*'2012 HR 배정표'!K8)/HLOOKUP($A$5,Prj_list!$O$6:$Z$7,2))) -> - | G10: =IF(ISBLANK('2012 HR 배정표'!L8)=TRUE,"-",'2012 HR 배정표'!L8) -> - | H10: =IF(ISBLANK('2012 HR 배정표'!L8)=TRUE,"-",IF(ISERROR((HLOOKUP($A$5,Prj_list!$O$6:$Z$7,2)*'2012 HR 배정표'!M8)/HLOOKUP($A$5,Prj_list!$O$6:$Z$7,2))=TRUE,"-",(HLOOKUP($A$5,Prj_list!$O$6:$Z$7,2)*'2012 HR 배정표'!M8)/HLOOKUP($A$5,Prj_list!$O$6:$Z$7,2))) -> - | I10: =IF(ISBLANK('2012 HR 배정표'!N8)=TRUE,"-",'2012 HR 배정표'!N8) -> - | J10: =IF(ISBLANK('2012 HR 배정표'!N8)=TRUE,"-",IF(ISERROR((HLOOKUP($A$5,Prj_list!$O$6:$Z$7,2)*'2012 HR 배정표'!O8)/HLOOKUP($A$5,Prj_list!$O$6:$Z$7,2))=TRUE,"-",(HLOOKUP($A$5,Prj_list!$O$6:$Z$7,2)*'2012 HR 배정표'!O8)/HLOOKUP($A$5,Prj_list!$O$6:$Z$7,2))) -> - | K10: =IF(ISBLANK('2012 HR 배정표'!P8)=TRUE,"-",'2012 HR 배정표'!P8) -> - | L10: =IF(ISBLANK('2012 HR 배정표'!P8)=TRUE,"-",IF(ISERROR((HLOOKUP($A$5,Prj_list!$O$6:$Z$7,2)*'2012 HR 배정표'!Q8)/HLOOKUP($A$5,Prj_list!$O$6:$Z$7,2))=TRUE,"-",(HLOOKUP($A$5,Prj_list!$O$6:$Z$7,2)*'2012 HR 배정표'!Q8)/HLOOKUP($A$5,Prj_list!$O$6:$Z$7,2))) -> - | M10: =IF(ISBLANK('2012 HR 배정표'!R8)=TRUE,"-",'2012 HR 배정표'!R8) -> - | N10: =IF(ISBLANK('2012 HR 배정표'!R8)=TRUE,"-",IF(ISERROR((HLOOKUP($A$5,Prj_list!$O$6:$Z$7,2)*'2012 HR 배정표'!S8)/HLOOKUP($A$5,Prj_list!$O$6:$Z$7,2))=TRUE,"-",(HLOOKUP($A$5,Prj_list!$O$6:$Z$7,2)*'2012 HR 배정표'!S8)/HLOOKUP($A$5,Prj_list!$O$6:$Z$7,2))) -> - | O10: =IF(ISBLANK('2012 HR 배정표'!T8)=TRUE,"-",'2012 HR 배정표'!T8) -> - | P10: =IF(ISBLANK('2012 HR 배정표'!T8)=TRUE,"-",IF(ISERROR((HLOOKUP($A$5,Prj_list!$O$6:$Z$7,2)*'2012 HR 배정표'!U8)/HLOOKUP($A$5,Prj_list!$O$6:$Z$7,2))=TRUE,"-",(HLOOKUP($A$5,Prj_list!$O$6:$Z$7,2)*'2012 HR 배정표'!U8)/HLOOKUP($A$5,Prj_list!$O$6:$Z$7,2))) -> - | Q10: =IF(ISBLANK('2012 HR 배정표'!V8)=TRUE,"-",'2012 HR 배정표'!V8) -> - | R10: =IF(ISBLANK('2012 HR 배정표'!V8)=TRUE,"-",IF(ISERROR((HLOOKUP($A$5,Prj_list!$O$6:$Z$7,2)*'2012 HR 배정표'!W8)/HLOOKUP($A$5,Prj_list!$O$6:$Z$7,2))=TRUE,"-",(HLOOKUP($A$5,Prj_list!$O$6:$Z$7,2)*'2012 HR 배정표'!W8)/HLOOKUP($A$5,Prj_list!$O$6:$Z$7,2))) -> - | S10: =IF(ISBLANK('2012 HR 배정표'!X8)=TRUE,"-",'2012 HR 배정표'!X8) -> - | T10: =IF(ISBLANK('2012 HR 배정표'!X8)=TRUE,"-",IF(ISERROR((HLOOKUP($A$5,Prj_list!$O$6:$Z$7,2)*'2012 HR 배정표'!Y8)/HLOOKUP($A$5,Prj_list!$O$6:$Z$7,2))=TRUE,"-",(HLOOKUP($A$5,Prj_list!$O$6:$Z$7,2)*'2012 HR 배정표'!Y8)/HLOOKUP($A$5,Prj_list!$O$6:$Z$7,2))) -> - | U10: =IF(ISBLANK('2012 HR 배정표'!Z8)=TRUE,"-",'2012 HR 배정표'!Z8) -> - | V10: =IF(ISBLANK('2012 HR 배정표'!Z8)=TRUE,"-",IF(ISERROR((HLOOKUP($A$5,Prj_list!$O$6:$Z$7,2)*'2012 HR 배정표'!AA8)/HLOOKUP($A$5,Prj_list!$O$6:$Z$7,2))=TRUE,"-",(HLOOKUP($A$5,Prj_list!$O$6:$Z$7,2)*'2012 HR 배정표'!AA8)/HLOOKUP($A$5,Prj_list!$O$6:$Z$7,2))) -> - | W10: =IF(ISBLANK('2012 HR 배정표'!AB8)=TRUE,"-",'2012 HR 배정표'!AB8) -> - | X10: =IF(ISBLANK('2012 HR 배정표'!AB8)=TRUE,"-",IF(ISERROR((HLOOKUP($A$5,Prj_list!$O$6:$Z$7,2)*'2012 HR 배정표'!AC8)/HLOOKUP($A$5,Prj_list!$O$6:$Z$7,2))=TRUE,"-",(HLOOKUP($A$5,Prj_list!$O$6:$Z$7,2)*'2012 HR 배정표'!AC8)/HLOOKUP($A$5,Prj_list!$O$6:$Z$7,2))) -> - | Y10: =IF(ISBLANK('2012 HR 배정표'!AD8)=TRUE,"-",'2012 HR 배정표'!AD8) -> - | Z10: =IF(ISBLANK('2012 HR 배정표'!AD8)=TRUE,"-",IF(ISERROR((HLOOKUP($A$5,Prj_list!$O$6:$Z$7,2)*'2012 HR 배정표'!AE8)/HLOOKUP($A$5,Prj_list!$O$6:$Z$7,2))=TRUE,"-",(HLOOKUP($A$5,Prj_list!$O$6:$Z$7,2)*'2012 HR 배정표'!AE8)/HLOOKUP($A$5,Prj_list!$O$6:$Z$7,2))) -> - | AA10: =IF(ISBLANK('2012 HR 배정표'!AF8)=TRUE,"-",'2012 HR 배정표'!AF8) -> - | AB10: =IF(ISBLANK('2012 HR 배정표'!AF8)=TRUE,"-",IF(ISERROR((HLOOKUP($A$5,Prj_list!$O$6:$Z$7,2)*'2012 HR 배정표'!AG8)/HLOOKUP($A$5,Prj_list!$O$6:$Z$7,2))=TRUE,"-",(HLOOKUP($A$5,Prj_list!$O$6:$Z$7,2)*'2012 HR 배정표'!AG8)/HLOOKUP($A$5,Prj_list!$O$6:$Z$7,2))) -> - | AC10: =IF(ISBLANK('2012 HR 배정표'!AH8)=TRUE,"-",'2012 HR 배정표'!AH8) -> - | AD10: =IF(ISBLANK('2012 HR 배정표'!AH8)=TRUE,"-",IF(ISERROR((HLOOKUP($A$5,Prj_list!$O$6:$Z$7,2)*'2012 HR 배정표'!AI8)/HLOOKUP($A$5,Prj_list!$O$6:$Z$7,2))=TRUE,"-",(HLOOKUP($A$5,Prj_list!$O$6:$Z$7,2)*'2012 HR 배정표'!AI8)/HLOOKUP($A$5,Prj_list!$O$6:$Z$7,2))) -> - | AE10: =IF(ISBLANK('2012 HR 배정표'!AJ8)=TRUE,"-",'2012 HR 배정표'!AJ8) -> - | AF10: =IF(ISBLANK('2012 HR 배정표'!AJ8)=TRUE,"-",IF(ISERROR((HLOOKUP($A$5,Prj_list!$O$6:$Z$7,2)*'2012 HR 배정표'!AK8)/HLOOKUP($A$5,Prj_list!$O$6:$Z$7,2))=TRUE,"-",(HLOOKUP($A$5,Prj_list!$O$6:$Z$7,2)*'2012 HR 배정표'!AK8)/HLOOKUP($A$5,Prj_list!$O$6:$Z$7,2))) -> - | AG10: =IF(ISBLANK('2012 HR 배정표'!AL8)=TRUE,"-",'2012 HR 배정표'!AL8) -> - | AH10: =IF(ISBLANK('2012 HR 배정표'!AL8)=TRUE,"-",IF(ISERROR((HLOOKUP($A$5,Prj_list!$O$6:$Z$7,2)*'2012 HR 배정표'!AM8)/HLOOKUP($A$5,Prj_list!$O$6:$Z$7,2))=TRUE,"-",(HLOOKUP($A$5,Prj_list!$O$6:$Z$7,2)*'2012 HR 배정표'!AM8)/HLOOKUP($A$5,Prj_list!$O$6:$Z$7,2))) -> - | AI10: =IF(ISBLANK('2012 HR 배정표'!AN8)=TRUE,"-",'2012 HR 배정표'!AN8) -> - | AJ10: =IF(ISBLANK('2012 HR 배정표'!AN8)=TRUE,"-",IF(ISERROR((HLOOKUP($A$5,Prj_list!$O$6:$Z$7,2)*'2012 HR 배정표'!AO8)/HLOOKUP($A$5,Prj_list!$O$6:$Z$7,2))=TRUE,"-",(HLOOKUP($A$5,Prj_list!$O$6:$Z$7,2)*'2012 HR 배정표'!AO8)/HLOOKUP($A$5,Prj_list!$O$6:$Z$7,2))) -> - | AK10: =IF(ISBLANK('2012 HR 배정표'!AP8)=TRUE,"-",'2012 HR 배정표'!AP8) -> - | AL10: =IF(ISBLANK('2012 HR 배정표'!AP8)=TRUE,"-",IF(ISERROR((HLOOKUP($A$5,Prj_list!$O$6:$Z$7,2)*'2012 HR 배정표'!AQ8)/HLOOKUP($A$5,Prj_list!$O$6:$Z$7,2))=TRUE,"-",(HLOOKUP($A$5,Prj_list!$O$6:$Z$7,2)*'2012 HR 배정표'!AQ8)/HLOOKUP($A$5,Prj_list!$O$6:$Z$7,2))) -> - | AM10: =IF(ISBLANK('2012 HR 배정표'!AR8)=TRUE,"-",'2012 HR 배정표'!AR8) -> - | AN10: =IF(ISBLANK('2012 HR 배정표'!AR8)=TRUE,"-",IF(ISERROR((HLOOKUP($A$5,Prj_list!$O$6:$Z$7,2)*'2012 HR 배정표'!AS8)/HLOOKUP($A$5,Prj_list!$O$6:$Z$7,2))=TRUE,"-",(HLOOKUP($A$5,Prj_list!$O$6:$Z$7,2)*'2012 HR 배정표'!AS8)/HLOOKUP($A$5,Prj_list!$O$6:$Z$7,2))) -> - | AO10: =IF(ISBLANK('2012 HR 배정표'!AT8)=TRUE,"-",'2012 HR 배정표'!AT8) -> - | AP10: =IF(ISBLANK('2012 HR 배정표'!AT8)=TRUE,"-",IF(ISERROR((HLOOKUP($A$5,Prj_list!$O$6:$Z$7,2)*'2012 HR 배정표'!AU8)/HLOOKUP($A$5,Prj_list!$O$6:$Z$7,2))=TRUE,"-",(HLOOKUP($A$5,Prj_list!$O$6:$Z$7,2)*'2012 HR 배정표'!AU8)/HLOOKUP($A$5,Prj_list!$O$6:$Z$7,2))) -> - | AQ10: =IF(ISBLANK('2012 HR 배정표'!AV8)=TRUE,"-",'2012 HR 배정표'!AV8) -> - | AR10: =IF(ISBLANK('2012 HR 배정표'!AV8)=TRUE,"-",IF(ISERROR((HLOOKUP($A$5,Prj_list!$O$6:$Z$7,2)*'2012 HR 배정표'!AW8)/HLOOKUP($A$5,Prj_list!$O$6:$Z$7,2))=TRUE,"-",(HLOOKUP($A$5,Prj_list!$O$6:$Z$7,2)*'2012 HR 배정표'!AW8)/HLOOKUP($A$5,Prj_list!$O$6:$Z$7,2))) -> - | AS10: =IF(ISBLANK('2012 HR 배정표'!AX8)=TRUE,"-",'2012 HR 배정표'!AX8) -> - | AT10: =IF(ISBLANK('2012 HR 배정표'!AX8)=TRUE,"-",IF(ISERROR((HLOOKUP($A$5,Prj_list!$O$6:$Z$7,2)*'2012 HR 배정표'!AY8)/HLOOKUP($A$5,Prj_list!$O$6:$Z$7,2))=TRUE,"-",(HLOOKUP($A$5,Prj_list!$O$6:$Z$7,2)*'2012 HR 배정표'!AY8)/HLOOKUP($A$5,Prj_list!$O$6:$Z$7,2))) -> - | AU10: =IF(ISBLANK('2012 HR 배정표'!AZ8)=TRUE,"-",'2012 HR 배정표'!AZ8) -> - | AV10: =IF(ISBLANK('2012 HR 배정표'!AZ8)=TRUE,"-",IF(ISERROR((HLOOKUP($A$5,Prj_list!$O$6:$Z$7,2)*'2012 HR 배정표'!BA8)/HLOOKUP($A$5,Prj_list!$O$6:$Z$7,2))=TRUE,"-",(HLOOKUP($A$5,Prj_list!$O$6:$Z$7,2)*'2012 HR 배정표'!BA8)/HLOOKUP($A$5,Prj_list!$O$6:$Z$7,2))) -> - | AW10: =IF(COUNTIF(A10:AV10,"-")=48,"",SUMPRODUCT(N(MOD(COLUMN(A10:AV10),2)=1),A10:AV10)/((48-COUNTIF(A10:AV10,"-"))/2)) | AX10: =SUMPRODUCT(N(MOD(COLUMN(A10:AV10),2)=0),A10:AV10) -> 0
A11: =IF(ISBLANK('2012 HR 배정표'!F9)=TRUE,"-",'2012 HR 배정표'!F9) -> - | B11: =IF(ISBLANK('2012 HR 배정표'!F9)=TRUE,"-",IF(ISERROR((HLOOKUP($A$5,Prj_list!$O$6:$Z$7,2)*'2012 HR 배정표'!G9)/HLOOKUP($A$5,Prj_list!$O$6:$Z$7,2))=TRUE,"-",(HLOOKUP($A$5,Prj_list!$O$6:$Z$7,2)*'2012 HR 배정표'!G9)/HLOOKUP($A$5,Prj_list!$O$6:$Z$7,2))) -> - | C11: =IF(ISBLANK('2012 HR 배정표'!H9)=TRUE,"-",'2012 HR 배정표'!H9) -> - | D11: =IF(ISBLANK('2012 HR 배정표'!H9)=TRUE,"-",IF(ISERROR((HLOOKUP($A$5,Prj_list!$O$6:$Z$7,2)*'2012 HR 배정표'!I9)/HLOOKUP($A$5,Prj_list!$O$6:$Z$7,2))=TRUE,"-",(HLOOKUP($A$5,Prj_list!$O$6:$Z$7,2)*'2012 HR 배정표'!I9)/HLOOKUP($A$5,Prj_list!$O$6:$Z$7,2))) -> - | E11: =IF(ISBLANK('2012 HR 배정표'!J9)=TRUE,"-",'2012 HR 배정표'!J9) -> - | F11: =IF(ISBLANK('2012 HR 배정표'!J9)=TRUE,"-",IF(ISERROR((HLOOKUP($A$5,Prj_list!$O$6:$Z$7,2)*'2012 HR 배정표'!K9)/HLOOKUP($A$5,Prj_list!$O$6:$Z$7,2))=TRUE,"-",(HLOOKUP($A$5,Prj_list!$O$6:$Z$7,2)*'2012 HR 배정표'!K9)/HLOOKUP($A$5,Prj_list!$O$6:$Z$7,2))) -> - | G11: =IF(ISBLANK('2012 HR 배정표'!L9)=TRUE,"-",'2012 HR 배정표'!L9) -> - | H11: =IF(ISBLANK('2012 HR 배정표'!L9)=TRUE,"-",IF(ISERROR((HLOOKUP($A$5,Prj_list!$O$6:$Z$7,2)*'2012 HR 배정표'!M9)/HLOOKUP($A$5,Prj_list!$O$6:$Z$7,2))=TRUE,"-",(HLOOKUP($A$5,Prj_list!$O$6:$Z$7,2)*'2012 HR 배정표'!M9)/HLOOKUP($A$5,Prj_list!$O$6:$Z$7,2))) -> - | I11: =IF(ISBLANK('2012 HR 배정표'!N9)=TRUE,"-",'2012 HR 배정표'!N9) -> - | J11: =IF(ISBLANK('2012 HR 배정표'!N9)=TRUE,"-",IF(ISERROR((HLOOKUP($A$5,Prj_list!$O$6:$Z$7,2)*'2012 HR 배정표'!O9)/HLOOKUP($A$5,Prj_list!$O$6:$Z$7,2))=TRUE,"-",(HLOOKUP($A$5,Prj_list!$O$6:$Z$7,2)*'2012 HR 배정표'!O9)/HLOOKUP($A$5,Prj_list!$O$6:$Z$7,2))) -> - | K11: =IF(ISBLANK('2012 HR 배정표'!P9)=TRUE,"-",'2012 HR 배정표'!P9) -> - | L11: =IF(ISBLANK('2012 HR 배정표'!P9)=TRUE,"-",IF(ISERROR((HLOOKUP($A$5,Prj_list!$O$6:$Z$7,2)*'2012 HR 배정표'!Q9)/HLOOKUP($A$5,Prj_list!$O$6:$Z$7,2))=TRUE,"-",(HLOOKUP($A$5,Prj_list!$O$6:$Z$7,2)*'2012 HR 배정표'!Q9)/HLOOKUP($A$5,Prj_list!$O$6:$Z$7,2))) -> - | M11: =IF(ISBLANK('2012 HR 배정표'!R9)=TRUE,"-",'2012 HR 배정표'!R9) -> - | N11: =IF(ISBLANK('2012 HR 배정표'!R9)=TRUE,"-",IF(ISERROR((HLOOKUP($A$5,Prj_list!$O$6:$Z$7,2)*'2012 HR 배정표'!S9)/HLOOKUP($A$5,Prj_list!$O$6:$Z$7,2))=TRUE,"-",(HLOOKUP($A$5,Prj_list!$O$6:$Z$7,2)*'2012 HR 배정표'!S9)/HLOOKUP($A$5,Prj_list!$O$6:$Z$7,2))) -> - | O11: =IF(ISBLANK('2012 HR 배정표'!T9)=TRUE,"-",'2012 HR 배정표'!T9) -> - | P11: =IF(ISBLANK('2012 HR 배정표'!T9)=TRUE,"-",IF(ISERROR((HLOOKUP($A$5,Prj_list!$O$6:$Z$7,2)*'2012 HR 배정표'!U9)/HLOOKUP($A$5,Prj_list!$O$6:$Z$7,2))=TRUE,"-",(HLOOKUP($A$5,Prj_list!$O$6:$Z$7,2)*'2012 HR 배정표'!U9)/HLOOKUP($A$5,Prj_list!$O$6:$Z$7,2))) -> - | Q11: =IF(ISBLANK('2012 HR 배정표'!V9)=TRUE,"-",'2012 HR 배정표'!V9) -> - | R11: =IF(ISBLANK('2012 HR 배정표'!V9)=TRUE,"-",IF(ISERROR((HLOOKUP($A$5,Prj_list!$O$6:$Z$7,2)*'2012 HR 배정표'!W9)/HLOOKUP($A$5,Prj_list!$O$6:$Z$7,2))=TRUE,"-",(HLOOKUP($A$5,Prj_list!$O$6:$Z$7,2)*'2012 HR 배정표'!W9)/HLOOKUP($A$5,Prj_list!$O$6:$Z$7,2))) -> - | S11: =IF(ISBLANK('2012 HR 배정표'!X9)=TRUE,"-",'2012 HR 배정표'!X9) -> - | T11: =IF(ISBLANK('2012 HR 배정표'!X9)=TRUE,"-",IF(ISERROR((HLOOKUP($A$5,Prj_list!$O$6:$Z$7,2)*'2012 HR 배정표'!Y9)/HLOOKUP($A$5,Prj_list!$O$6:$Z$7,2))=TRUE,"-",(HLOOKUP($A$5,Prj_list!$O$6:$Z$7,2)*'2012 HR 배정표'!Y9)/HLOOKUP($A$5,Prj_list!$O$6:$Z$7,2))) -> - | U11: =IF(ISBLANK('2012 HR 배정표'!Z9)=TRUE,"-",'2012 HR 배정표'!Z9) -> - | V11: =IF(ISBLANK('2012 HR 배정표'!Z9)=TRUE,"-",IF(ISERROR((HLOOKUP($A$5,Prj_list!$O$6:$Z$7,2)*'2012 HR 배정표'!AA9)/HLOOKUP($A$5,Prj_list!$O$6:$Z$7,2))=TRUE,"-",(HLOOKUP($A$5,Prj_list!$O$6:$Z$7,2)*'2012 HR 배정표'!AA9)/HLOOKUP($A$5,Prj_list!$O$6:$Z$7,2))) -> - | W11: =IF(ISBLANK('2012 HR 배정표'!AB9)=TRUE,"-",'2012 HR 배정표'!AB9) -> - | X11: =IF(ISBLANK('2012 HR 배정표'!AB9)=TRUE,"-",IF(ISERROR((HLOOKUP($A$5,Prj_list!$O$6:$Z$7,2)*'2012 HR 배정표'!AC9)/HLOOKUP($A$5,Prj_list!$O$6:$Z$7,2))=TRUE,"-",(HLOOKUP($A$5,Prj_list!$O$6:$Z$7,2)*'2012 HR 배정표'!AC9)/HLOOKUP($A$5,Prj_list!$O$6:$Z$7,2))) -> - | Y11: =IF(ISBLANK('2012 HR 배정표'!AD9)=TRUE,"-",'2012 HR 배정표'!AD9) -> - | Z11: =IF(ISBLANK('2012 HR 배정표'!AD9)=TRUE,"-",IF(ISERROR((HLOOKUP($A$5,Prj_list!$O$6:$Z$7,2)*'2012 HR 배정표'!AE9)/HLOOKUP($A$5,Prj_list!$O$6:$Z$7,2))=TRUE,"-",(HLOOKUP($A$5,Prj_list!$O$6:$Z$7,2)*'2012 HR 배정표'!AE9)/HLOOKUP($A$5,Prj_list!$O$6:$Z$7,2))) -> - | AA11: =IF(ISBLANK('2012 HR 배정표'!AF9)=TRUE,"-",'2012 HR 배정표'!AF9) -> - | AB11: =IF(ISBLANK('2012 HR 배정표'!AF9)=TRUE,"-",IF(ISERROR((HLOOKUP($A$5,Prj_list!$O$6:$Z$7,2)*'2012 HR 배정표'!AG9)/HLOOKUP($A$5,Prj_list!$O$6:$Z$7,2))=TRUE,"-",(HLOOKUP($A$5,Prj_list!$O$6:$Z$7,2)*'2012 HR 배정표'!AG9)/HLOOKUP($A$5,Prj_list!$O$6:$Z$7,2))) -> - | AC11: =IF(ISBLANK('2012 HR 배정표'!AH9)=TRUE,"-",'2012 HR 배정표'!AH9) -> - | AD11: =IF(ISBLANK('2012 HR 배정표'!AH9)=TRUE,"-",IF(ISERROR((HLOOKUP($A$5,Prj_list!$O$6:$Z$7,2)*'2012 HR 배정표'!AI9)/HLOOKUP($A$5,Prj_list!$O$6:$Z$7,2))=TRUE,"-",(HLOOKUP($A$5,Prj_list!$O$6:$Z$7,2)*'2012 HR 배정표'!AI9)/HLOOKUP($A$5,Prj_list!$O$6:$Z$7,2))) -> - | AE11: =IF(ISBLANK('2012 HR 배정표'!AJ9)=TRUE,"-",'2012 HR 배정표'!AJ9) -> - | AF11: =IF(ISBLANK('2012 HR 배정표'!AJ9)=TRUE,"-",IF(ISERROR((HLOOKUP($A$5,Prj_list!$O$6:$Z$7,2)*'2012 HR 배정표'!AK9)/HLOOKUP($A$5,Prj_list!$O$6:$Z$7,2))=TRUE,"-",(HLOOKUP($A$5,Prj_list!$O$6:$Z$7,2)*'2012 HR 배정표'!AK9)/HLOOKUP($A$5,Prj_list!$O$6:$Z$7,2))) -> - | AG11: =IF(ISBLANK('2012 HR 배정표'!AL9)=TRUE,"-",'2012 HR 배정표'!AL9) -> - | AH11: =IF(ISBLANK('2012 HR 배정표'!AL9)=TRUE,"-",IF(ISERROR((HLOOKUP($A$5,Prj_list!$O$6:$Z$7,2)*'2012 HR 배정표'!AM9)/HLOOKUP($A$5,Prj_list!$O$6:$Z$7,2))=TRUE,"-",(HLOOKUP($A$5,Prj_list!$O$6:$Z$7,2)*'2012 HR 배정표'!AM9)/HLOOKUP($A$5,Prj_list!$O$6:$Z$7,2))) -> - | AI11: =IF(ISBLANK('2012 HR 배정표'!AN9)=TRUE,"-",'2012 HR 배정표'!AN9) -> - | AJ11: =IF(ISBLANK('2012 HR 배정표'!AN9)=TRUE,"-",IF(ISERROR((HLOOKUP($A$5,Prj_list!$O$6:$Z$7,2)*'2012 HR 배정표'!AO9)/HLOOKUP($A$5,Prj_list!$O$6:$Z$7,2))=TRUE,"-",(HLOOKUP($A$5,Prj_list!$O$6:$Z$7,2)*'2012 HR 배정표'!AO9)/HLOOKUP($A$5,Prj_list!$O$6:$Z$7,2))) -> - | AK11: =IF(ISBLANK('2012 HR 배정표'!AP9)=TRUE,"-",'2012 HR 배정표'!AP9) -> - | AL11: =IF(ISBLANK('2012 HR 배정표'!AP9)=TRUE,"-",IF(ISERROR((HLOOKUP($A$5,Prj_list!$O$6:$Z$7,2)*'2012 HR 배정표'!AQ9)/HLOOKUP($A$5,Prj_list!$O$6:$Z$7,2))=TRUE,"-",(HLOOKUP($A$5,Prj_list!$O$6:$Z$7,2)*'2012 HR 배정표'!AQ9)/HLOOKUP($A$5,Prj_list!$O$6:$Z$7,2))) -> - | AM11: =IF(ISBLANK('2012 HR 배정표'!AR9)=TRUE,"-",'2012 HR 배정표'!AR9) -> - | AN11: =IF(ISBLANK('2012 HR 배정표'!AR9)=TRUE,"-",IF(ISERROR((HLOOKUP($A$5,Prj_list!$O$6:$Z$7,2)*'2012 HR 배정표'!AS9)/HLOOKUP($A$5,Prj_list!$O$6:$Z$7,2))=TRUE,"-",(HLOOKUP($A$5,Prj_list!$O$6:$Z$7,2)*'2012 HR 배정표'!AS9)/HLOOKUP($A$5,Prj_list!$O$6:$Z$7,2))) -> - | AO11: =IF(ISBLANK('2012 HR 배정표'!AT9)=TRUE,"-",'2012 HR 배정표'!AT9) -> - | AP11: =IF(ISBLANK('2012 HR 배정표'!AT9)=TRUE,"-",IF(ISERROR((HLOOKUP($A$5,Prj_list!$O$6:$Z$7,2)*'2012 HR 배정표'!AU9)/HLOOKUP($A$5,Prj_list!$O$6:$Z$7,2))=TRUE,"-",(HLOOKUP($A$5,Prj_list!$O$6:$Z$7,2)*'2012 HR 배정표'!AU9)/HLOOKUP($A$5,Prj_list!$O$6:$Z$7,2))) -> - | AQ11: =IF(ISBLANK('2012 HR 배정표'!AV9)=TRUE,"-",'2012 HR 배정표'!AV9) -> - | AR11: =IF(ISBLANK('2012 HR 배정표'!AV9)=TRUE,"-",IF(ISERROR((HLOOKUP($A$5,Prj_list!$O$6:$Z$7,2)*'2012 HR 배정표'!AW9)/HLOOKUP($A$5,Prj_list!$O$6:$Z$7,2))=TRUE,"-",(HLOOKUP($A$5,Prj_list!$O$6:$Z$7,2)*'2012 HR 배정표'!AW9)/HLOOKUP($A$5,Prj_list!$O$6:$Z$7,2))) -> - | AS11: =IF(ISBLANK('2012 HR 배정표'!AX9)=TRUE,"-",'2012 HR 배정표'!AX9) -> - | AT11: =IF(ISBLANK('2012 HR 배정표'!AX9)=TRUE,"-",IF(ISERROR((HLOOKUP($A$5,Prj_list!$O$6:$Z$7,2)*'2012 HR 배정표'!AY9)/HLOOKUP($A$5,Prj_list!$O$6:$Z$7,2))=TRUE,"-",(HLOOKUP($A$5,Prj_list!$O$6:$Z$7,2)*'2012 HR 배정표'!AY9)/HLOOKUP($A$5,Prj_list!$O$6:$Z$7,2))) -> - | AU11: =IF(ISBLANK('2012 HR 배정표'!AZ9)=TRUE,"-",'2012 HR 배정표'!AZ9) -> - | AV11: =IF(ISBLANK('2012 HR 배정표'!AZ9)=TRUE,"-",IF(ISERROR((HLOOKUP($A$5,Prj_list!$O$6:$Z$7,2)*'2012 HR 배정표'!BA9)/HLOOKUP($A$5,Prj_list!$O$6:$Z$7,2))=TRUE,"-",(HLOOKUP($A$5,Prj_list!$O$6:$Z$7,2)*'2012 HR 배정표'!BA9)/HLOOKUP($A$5,Prj_list!$O$6:$Z$7,2))) -> - | AW11: =IF(COUNTIF(A11:AV11,"-")=48,"",SUMPRODUCT(N(MOD(COLUMN(A11:AV11),2)=1),A11:AV11)/((48-COUNTIF(A11:AV11,"-"))/2)) | AX11: =SUMPRODUCT(N(MOD(COLUMN(A11:AV11),2)=0),A11:AV11) -> 0
A12: =IF(ISBLANK('2012 HR 배정표'!F10)=TRUE,"-",'2012 HR 배정표'!F10) -> - | B12: =IF(ISBLANK('2012 HR 배정표'!F10)=TRUE,"-",IF(ISERROR((HLOOKUP($A$5,Prj_list!$O$6:$Z$7,2)*'2012 HR 배정표'!G10)/HLOOKUP($A$5,Prj_list!$O$6:$Z$7,2))=TRUE,"-",(HLOOKUP($A$5,Prj_list!$O$6:$Z$7,2)*'2012 HR 배정표'!G10)/HLOOKUP($A$5,Prj_list!$O$6:$Z$7,2))) -> - | C12: =IF(ISBLANK('2012 HR 배정표'!H10)=TRUE,"-",'2012 HR 배정표'!H10) -> - | D12: =IF(ISBLANK('2012 HR 배정표'!H10)=TRUE,"-",IF(ISERROR((HLOOKUP($A$5,Prj_list!$O$6:$Z$7,2)*'2012 HR 배정표'!I10)/HLOOKUP($A$5,Prj_list!$O$6:$Z$7,2))=TRUE,"-",(HLOOKUP($A$5,Prj_list!$O$6:$Z$7,2)*'2012 HR 배정표'!I10)/HLOOKUP($A$5,Prj_list!$O$6:$Z$7,2))) -> - | E12: =IF(ISBLANK('2012 HR 배정표'!J10)=TRUE,"-",'2012 HR 배정표'!J10) -> - | F12: =IF(ISBLANK('2012 HR 배정표'!J10)=TRUE,"-",IF(ISERROR((HLOOKUP($A$5,Prj_list!$O$6:$Z$7,2)*'2012 HR 배정표'!K10)/HLOOKUP($A$5,Prj_list!$O$6:$Z$7,2))=TRUE,"-",(HLOOKUP($A$5,Prj_list!$O$6:$Z$7,2)*'2012 HR 배정표'!K10)/HLOOKUP($A$5,Prj_list!$O$6:$Z$7,2))) -> - | G12: =IF(ISBLANK('2012 HR 배정표'!L10)=TRUE,"-",'2012 HR 배정표'!L10) -> - | H12: =IF(ISBLANK('2012 HR 배정표'!L10)=TRUE,"-",IF(ISERROR((HLOOKUP($A$5,Prj_list!$O$6:$Z$7,2)*'2012 HR 배정표'!M10)/HLOOKUP($A$5,Prj_list!$O$6:$Z$7,2))=TRUE,"-",(HLOOKUP($A$5,Prj_list!$O$6:$Z$7,2)*'2012 HR 배정표'!M10)/HLOOKUP($A$5,Prj_list!$O$6:$Z$7,2))) -> - | I12: =IF(ISBLANK('2012 HR 배정표'!N10)=TRUE,"-",'2012 HR 배정표'!N10) -> - | J12: =IF(ISBLANK('2012 HR 배정표'!N10)=TRUE,"-",IF(ISERROR((HLOOKUP($A$5,Prj_list!$O$6:$Z$7,2)*'2012 HR 배정표'!O10)/HLOOKUP($A$5,Prj_list!$O$6:$Z$7,2))=TRUE,"-",(HLOOKUP($A$5,Prj_list!$O$6:$Z$7,2)*'2012 HR 배정표'!O10)/HLOOKUP($A$5,Prj_list!$O$6:$Z$7,2))) -> - | K12: =IF(ISBLANK('2012 HR 배정표'!P10)=TRUE,"-",'2012 HR 배정표'!P10) -> - | L12: =IF(ISBLANK('2012 HR 배정표'!P10)=TRUE,"-",IF(ISERROR((HLOOKUP($A$5,Prj_list!$O$6:$Z$7,2)*'2012 HR 배정표'!Q10)/HLOOKUP($A$5,Prj_list!$O$6:$Z$7,2))=TRUE,"-",(HLOOKUP($A$5,Prj_list!$O$6:$Z$7,2)*'2012 HR 배정표'!Q10)/HLOOKUP($A$5,Prj_list!$O$6:$Z$7,2))) -> - | M12: =IF(ISBLANK('2012 HR 배정표'!R10)=TRUE,"-",'2012 HR 배정표'!R10) -> - | N12: =IF(ISBLANK('2012 HR 배정표'!R10)=TRUE,"-",IF(ISERROR((HLOOKUP($A$5,Prj_list!$O$6:$Z$7,2)*'2012 HR 배정표'!S10)/HLOOKUP($A$5,Prj_list!$O$6:$Z$7,2))=TRUE,"-",(HLOOKUP($A$5,Prj_list!$O$6:$Z$7,2)*'2012 HR 배정표'!S10)/HLOOKUP($A$5,Prj_list!$O$6:$Z$7,2))) -> - | O12: =IF(ISBLANK('2012 HR 배정표'!T10)=TRUE,"-",'2012 HR 배정표'!T10) -> - | P12: =IF(ISBLANK('2012 HR 배정표'!T10)=TRUE,"-",IF(ISERROR((HLOOKUP($A$5,Prj_list!$O$6:$Z$7,2)*'2012 HR 배정표'!U10)/HLOOKUP($A$5,Prj_list!$O$6:$Z$7,2))=TRUE,"-",(HLOOKUP($A$5,Prj_list!$O$6:$Z$7,2)*'2012 HR 배정표'!U10)/HLOOKUP($A$5,Prj_list!$O$6:$Z$7,2))) -> - | Q12: =IF(ISBLANK('2012 HR 배정표'!V10)=TRUE,"-",'2012 HR 배정표'!V10) -> - | R12: =IF(ISBLANK('2012 HR 배정표'!V10)=TRUE,"-",IF(ISERROR((HLOOKUP($A$5,Prj_list!$O$6:$Z$7,2)*'2012 HR 배정표'!W10)/HLOOKUP($A$5,Prj_list!$O$6:$Z$7,2))=TRUE,"-",(HLOOKUP($A$5,Prj_list!$O$6:$Z$7,2)*'2012 HR 배정표'!W10)/HLOOKUP($A$5,Prj_list!$O$6:$Z$7,2))) -> - | S12: =IF(ISBLANK('2012 HR 배정표'!X10)=TRUE,"-",'2012 HR 배정표'!X10) -> - | T12: =IF(ISBLANK('2012 HR 배정표'!X10)=TRUE,"-",IF(ISERROR((HLOOKUP($A$5,Prj_list!$O$6:$Z$7,2)*'2012 HR 배정표'!Y10)/HLOOKUP($A$5,Prj_list!$O$6:$Z$7,2))=TRUE,"-",(HLOOKUP($A$5,Prj_list!$O$6:$Z$7,2)*'2012 HR 배정표'!Y10)/HLOOKUP($A$5,Prj_list!$O$6:$Z$7,2))) -> - | U12: =IF(ISBLANK('2012 HR 배정표'!Z10)=TRUE,"-",'2012 HR 배정표'!Z10) -> - | V12: =IF(ISBLANK('2012 HR 배정표'!Z10)=TRUE,"-",IF(ISERROR((HLOOKUP($A$5,Prj_list!$O$6:$Z$7,2)*'2012 HR 배정표'!AA10)/HLOOKUP($A$5,Prj_list!$O$6:$Z$7,2))=TRUE,"-",(HLOOKUP($A$5,Prj_list!$O$6:$Z$7,2)*'2012 HR 배정표'!AA10)/HLOOKUP($A$5,Prj_list!$O$6:$Z$7,2))) -> - | W12: =IF(ISBLANK('2012 HR 배정표'!AB10)=TRUE,"-",'2012 HR 배정표'!AB10) -> - | X12: =IF(ISBLANK('2012 HR 배정표'!AB10)=TRUE,"-",IF(ISERROR((HLOOKUP($A$5,Prj_list!$O$6:$Z$7,2)*'2012 HR 배정표'!AC10)/HLOOKUP($A$5,Prj_list!$O$6:$Z$7,2))=TRUE,"-",(HLOOKUP($A$5,Prj_list!$O$6:$Z$7,2)*'2012 HR 배정표'!AC10)/HLOOKUP($A$5,Prj_list!$O$6:$Z$7,2))) -> - | Y12: =IF(ISBLANK('2012 HR 배정표'!AD10)=TRUE,"-",'2012 HR 배정표'!AD10) -> - | Z12: =IF(ISBLANK('2012 HR 배정표'!AD10)=TRUE,"-",IF(ISERROR((HLOOKUP($A$5,Prj_list!$O$6:$Z$7,2)*'2012 HR 배정표'!AE10)/HLOOKUP($A$5,Prj_list!$O$6:$Z$7,2))=TRUE,"-",(HLOOKUP($A$5,Prj_list!$O$6:$Z$7,2)*'2012 HR 배정표'!AE10)/HLOOKUP($A$5,Prj_list!$O$6:$Z$7,2))) -> - | AA12: =IF(ISBLANK('2012 HR 배정표'!AF10)=TRUE,"-",'2012 HR 배정표'!AF10) -> - | AB12: =IF(ISBLANK('2012 HR 배정표'!AF10)=TRUE,"-",IF(ISERROR((HLOOKUP($A$5,Prj_list!$O$6:$Z$7,2)*'2012 HR 배정표'!AG10)/HLOOKUP($A$5,Prj_list!$O$6:$Z$7,2))=TRUE,"-",(HLOOKUP($A$5,Prj_list!$O$6:$Z$7,2)*'2012 HR 배정표'!AG10)/HLOOKUP($A$5,Prj_list!$O$6:$Z$7,2))) -> - | AC12: =IF(ISBLANK('2012 HR 배정표'!AH10)=TRUE,"-",'2012 HR 배정표'!AH10) -> - | AD12: =IF(ISBLANK('2012 HR 배정표'!AH10)=TRUE,"-",IF(ISERROR((HLOOKUP($A$5,Prj_list!$O$6:$Z$7,2)*'2012 HR 배정표'!AI10)/HLOOKUP($A$5,Prj_list!$O$6:$Z$7,2))=TRUE,"-",(HLOOKUP($A$5,Prj_list!$O$6:$Z$7,2)*'2012 HR 배정표'!AI10)/HLOOKUP($A$5,Prj_list!$O$6:$Z$7,2))) -> - | AE12: =IF(ISBLANK('2012 HR 배정표'!AJ10)=TRUE,"-",'2012 HR 배정표'!AJ10) -> - | AF12: =IF(ISBLANK('2012 HR 배정표'!AJ10)=TRUE,"-",IF(ISERROR((HLOOKUP($A$5,Prj_list!$O$6:$Z$7,2)*'2012 HR 배정표'!AK10)/HLOOKUP($A$5,Prj_list!$O$6:$Z$7,2))=TRUE,"-",(HLOOKUP($A$5,Prj_list!$O$6:$Z$7,2)*'2012 HR 배정표'!AK10)/HLOOKUP($A$5,Prj_list!$O$6:$Z$7,2))) -> - | AG12: =IF(ISBLANK('2012 HR 배정표'!AL10)=TRUE,"-",'2012 HR 배정표'!AL10) -> - | AH12: =IF(ISBLANK('2012 HR 배정표'!AL10)=TRUE,"-",IF(ISERROR((HLOOKUP($A$5,Prj_list!$O$6:$Z$7,2)*'2012 HR 배정표'!AM10)/HLOOKUP($A$5,Prj_list!$O$6:$Z$7,2))=TRUE,"-",(HLOOKUP($A$5,Prj_list!$O$6:$Z$7,2)*'2012 HR 배정표'!AM10)/HLOOKUP($A$5,Prj_list!$O$6:$Z$7,2))) -> - | AI12: =IF(ISBLANK('2012 HR 배정표'!AN10)=TRUE,"-",'2012 HR 배정표'!AN10) -> - | AJ12: =IF(ISBLANK('2012 HR 배정표'!AN10)=TRUE,"-",IF(ISERROR((HLOOKUP($A$5,Prj_list!$O$6:$Z$7,2)*'2012 HR 배정표'!AO10)/HLOOKUP($A$5,Prj_list!$O$6:$Z$7,2))=TRUE,"-",(HLOOKUP($A$5,Prj_list!$O$6:$Z$7,2)*'2012 HR 배정표'!AO10)/HLOOKUP($A$5,Prj_list!$O$6:$Z$7,2))) -> - | AK12: =IF(ISBLANK('2012 HR 배정표'!AP10)=TRUE,"-",'2012 HR 배정표'!AP10) -> - | AL12: =IF(ISBLANK('2012 HR 배정표'!AP10)=TRUE,"-",IF(ISERROR((HLOOKUP($A$5,Prj_list!$O$6:$Z$7,2)*'2012 HR 배정표'!AQ10)/HLOOKUP($A$5,Prj_list!$O$6:$Z$7,2))=TRUE,"-",(HLOOKUP($A$5,Prj_list!$O$6:$Z$7,2)*'2012 HR 배정표'!AQ10)/HLOOKUP($A$5,Prj_list!$O$6:$Z$7,2))) -> - | AM12: =IF(ISBLANK('2012 HR 배정표'!AR10)=TRUE,"-",'2012 HR 배정표'!AR10) -> - | AN12: =IF(ISBLANK('2012 HR 배정표'!AR10)=TRUE,"-",IF(ISERROR((HLOOKUP($A$5,Prj_list!$O$6:$Z$7,2)*'2012 HR 배정표'!AS10)/HLOOKUP($A$5,Prj_list!$O$6:$Z$7,2))=TRUE,"-",(HLOOKUP($A$5,Prj_list!$O$6:$Z$7,2)*'2012 HR 배정표'!AS10)/HLOOKUP($A$5,Prj_list!$O$6:$Z$7,2))) -> - | AO12: =IF(ISBLANK('2012 HR 배정표'!AT10)=TRUE,"-",'2012 HR 배정표'!AT10) -> - | AP12: =IF(ISBLANK('2012 HR 배정표'!AT10)=TRUE,"-",IF(ISERROR((HLOOKUP($A$5,Prj_list!$O$6:$Z$7,2)*'2012 HR 배정표'!AU10)/HLOOKUP($A$5,Prj_list!$O$6:$Z$7,2))=TRUE,"-",(HLOOKUP($A$5,Prj_list!$O$6:$Z$7,2)*'2012 HR 배정표'!AU10)/HLOOKUP($A$5,Prj_list!$O$6:$Z$7,2))) -> - | AQ12: =IF(ISBLANK('2012 HR 배정표'!AV10)=TRUE,"-",'2012 HR 배정표'!AV10) -> - | AR12: =IF(ISBLANK('2012 HR 배정표'!AV10)=TRUE,"-",IF(ISERROR((HLOOKUP($A$5,Prj_list!$O$6:$Z$7,2)*'2012 HR 배정표'!AW10)/HLOOKUP($A$5,Prj_list!$O$6:$Z$7,2))=TRUE,"-",(HLOOKUP($A$5,Prj_list!$O$6:$Z$7,2)*'2012 HR 배정표'!AW10)/HLOOKUP($A$5,Prj_list!$O$6:$Z$7,2))) -> - | AS12: =IF(ISBLANK('2012 HR 배정표'!AX10)=TRUE,"-",'2012 HR 배정표'!AX10) -> - | AT12: =IF(ISBLANK('2012 HR 배정표'!AX10)=TRUE,"-",IF(ISERROR((HLOOKUP($A$5,Prj_list!$O$6:$Z$7,2)*'2012 HR 배정표'!AY10)/HLOOKUP($A$5,Prj_list!$O$6:$Z$7,2))=TRUE,"-",(HLOOKUP($A$5,Prj_list!$O$6:$Z$7,2)*'2012 HR 배정표'!AY10)/HLOOKUP($A$5,Prj_list!$O$6:$Z$7,2))) -> - | AU12: =IF(ISBLANK('2012 HR 배정표'!AZ10)=TRUE,"-",'2012 HR 배정표'!AZ10) -> - | AV12: =IF(ISBLANK('2012 HR 배정표'!AZ10)=TRUE,"-",IF(ISERROR((HLOOKUP($A$5,Prj_list!$O$6:$Z$7,2)*'2012 HR 배정표'!BA10)/HLOOKUP($A$5,Prj_list!$O$6:$Z$7,2))=TRUE,"-",(HLOOKUP($A$5,Prj_list!$O$6:$Z$7,2)*'2012 HR 배정표'!BA10)/HLOOKUP($A$5,Prj_list!$O$6:$Z$7,2))) -> - | AW12: =IF(COUNTIF(A12:AV12,"-")=48,"",SUMPRODUCT(N(MOD(COLUMN(A12:AV12),2)=1),A12:AV12)/((48-COUNTIF(A12:AV12,"-"))/2)) | AX12: =SUMPRODUCT(N(MOD(COLUMN(A12:AV12),2)=0),A12:AV12) -> 0
A13: =IF(ISBLANK('2012 HR 배정표'!F11)=TRUE,"-",'2012 HR 배정표'!F11) -> - | B13: =IF(ISBLANK('2012 HR 배정표'!F11)=TRUE,"-",IF(ISERROR((HLOOKUP($A$5,Prj_list!$O$6:$Z$7,2)*'2012 HR 배정표'!G11)/HLOOKUP($A$5,Prj_list!$O$6:$Z$7,2))=TRUE,"-",(HLOOKUP($A$5,Prj_list!$O$6:$Z$7,2)*'2012 HR 배정표'!G11)/HLOOKUP($A$5,Prj_list!$O$6:$Z$7,2))) -> - | C13: =IF(ISBLANK('2012 HR 배정표'!H11)=TRUE,"-",'2012 HR 배정표'!H11) -> - | D13: =IF(ISBLANK('2012 HR 배정표'!H11)=TRUE,"-",IF(ISERROR((HLOOKUP($A$5,Prj_list!$O$6:$Z$7,2)*'2012 HR 배정표'!I11)/HLOOKUP($A$5,Prj_list!$O$6:$Z$7,2))=TRUE,"-",(HLOOKUP($A$5,Prj_list!$O$6:$Z$7,2)*'2012 HR 배정표'!I11)/HLOOKUP($A$5,Prj_list!$O$6:$Z$7,2))) -> - | E13: =IF(ISBLANK('2012 HR 배정표'!J11)=TRUE,"-",'2012 HR 배정표'!J11) -> - | F13: =IF(ISBLANK('2012 HR 배정표'!J11)=TRUE,"-",IF(ISERROR((HLOOKUP($A$5,Prj_list!$O$6:$Z$7,2)*'2012 HR 배정표'!K11)/HLOOKUP($A$5,Prj_list!$O$6:$Z$7,2))=TRUE,"-",(HLOOKUP($A$5,Prj_list!$O$6:$Z$7,2)*'2012 HR 배정표'!K11)/HLOOKUP($A$5,Prj_list!$O$6:$Z$7,2))) -> - | G13: =IF(ISBLANK('2012 HR 배정표'!L11)=TRUE,"-",'2012 HR 배정표'!L11) -> - | H13: =IF(ISBLANK('2012 HR 배정표'!L11)=TRUE,"-",IF(ISERROR((HLOOKUP($A$5,Prj_list!$O$6:$Z$7,2)*'2012 HR 배정표'!M11)/HLOOKUP($A$5,Prj_list!$O$6:$Z$7,2))=TRUE,"-",(HLOOKUP($A$5,Prj_list!$O$6:$Z$7,2)*'2012 HR 배정표'!M11)/HLOOKUP($A$5,Prj_list!$O$6:$Z$7,2))) -> - | I13: =IF(ISBLANK('2012 HR 배정표'!N11)=TRUE,"-",'2012 HR 배정표'!N11) -> - | J13: =IF(ISBLANK('2012 HR 배정표'!N11)=TRUE,"-",IF(ISERROR((HLOOKUP($A$5,Prj_list!$O$6:$Z$7,2)*'2012 HR 배정표'!O11)/HLOOKUP($A$5,Prj_list!$O$6:$Z$7,2))=TRUE,"-",(HLOOKUP($A$5,Prj_list!$O$6:$Z$7,2)*'2012 HR 배정표'!O11)/HLOOKUP($A$5,Prj_list!$O$6:$Z$7,2))) -> - | K13: =IF(ISBLANK('2012 HR 배정표'!P11)=TRUE,"-",'2012 HR 배정표'!P11) -> - | L13: =IF(ISBLANK('2012 HR 배정표'!P11)=TRUE,"-",IF(ISERROR((HLOOKUP($A$5,Prj_list!$O$6:$Z$7,2)*'2012 HR 배정표'!Q11)/HLOOKUP($A$5,Prj_list!$O$6:$Z$7,2))=TRUE,"-",(HLOOKUP($A$5,Prj_list!$O$6:$Z$7,2)*'2012 HR 배정표'!Q11)/HLOOKUP($A$5,Prj_list!$O$6:$Z$7,2))) -> - | M13: =IF(ISBLANK('2012 HR 배정표'!R11)=TRUE,"-",'2012 HR 배정표'!R11) -> - | N13: =IF(ISBLANK('2012 HR 배정표'!R11)=TRUE,"-",IF(ISERROR((HLOOKUP($A$5,Prj_list!$O$6:$Z$7,2)*'2012 HR 배정표'!S11)/HLOOKUP($A$5,Prj_list!$O$6:$Z$7,2))=TRUE,"-",(HLOOKUP($A$5,Prj_list!$O$6:$Z$7,2)*'2012 HR 배정표'!S11)/HLOOKUP($A$5,Prj_list!$O$6:$Z$7,2))) -> - | O13: =IF(ISBLANK('2012 HR 배정표'!T11)=TRUE,"-",'2012 HR 배정표'!T11) -> - | P13: =IF(ISBLANK('2012 HR 배정표'!T11)=TRUE,"-",IF(ISERROR((HLOOKUP($A$5,Prj_list!$O$6:$Z$7,2)*'2012 HR 배정표'!U11)/HLOOKUP($A$5,Prj_list!$O$6:$Z$7,2))=TRUE,"-",(HLOOKUP($A$5,Prj_list!$O$6:$Z$7,2)*'2012 HR 배정표'!U11)/HLOOKUP($A$5,Prj_list!$O$6:$Z$7,2))) -> - | Q13: =IF(ISBLANK('2012 HR 배정표'!V11)=TRUE,"-",'2012 HR 배정표'!V11) -> - | R13: =IF(ISBLANK('2012 HR 배정표'!V11)=TRUE,"-",IF(ISERROR((HLOOKUP($A$5,Prj_list!$O$6:$Z$7,2)*'2012 HR 배정표'!W11)/HLOOKUP($A$5,Prj_list!$O$6:$Z$7,2))=TRUE,"-",(HLOOKUP($A$5,Prj_list!$O$6:$Z$7,2)*'2012 HR 배정표'!W11)/HLOOKUP($A$5,Prj_list!$O$6:$Z$7,2))) -> - | S13: =IF(ISBLANK('2012 HR 배정표'!X11)=TRUE,"-",'2012 HR 배정표'!X11) -> - | T13: =IF(ISBLANK('2012 HR 배정표'!X11)=TRUE,"-",IF(ISERROR((HLOOKUP($A$5,Prj_list!$O$6:$Z$7,2)*'2012 HR 배정표'!Y11)/HLOOKUP($A$5,Prj_list!$O$6:$Z$7,2))=TRUE,"-",(HLOOKUP($A$5,Prj_list!$O$6:$Z$7,2)*'2012 HR 배정표'!Y11)/HLOOKUP($A$5,Prj_list!$O$6:$Z$7,2))) -> - | U13: =IF(ISBLANK('2012 HR 배정표'!Z11)=TRUE,"-",'2012 HR 배정표'!Z11) -> - | V13: =IF(ISBLANK('2012 HR 배정표'!Z11)=TRUE,"-",IF(ISERROR((HLOOKUP($A$5,Prj_list!$O$6:$Z$7,2)*'2012 HR 배정표'!AA11)/HLOOKUP($A$5,Prj_list!$O$6:$Z$7,2))=TRUE,"-",(HLOOKUP($A$5,Prj_list!$O$6:$Z$7,2)*'2012 HR 배정표'!AA11)/HLOOKUP($A$5,Prj_list!$O$6:$Z$7,2))) -> - | W13: =IF(ISBLANK('2012 HR 배정표'!AB11)=TRUE,"-",'2012 HR 배정표'!AB11) -> - | X13: =IF(ISBLANK('2012 HR 배정표'!AB11)=TRUE,"-",IF(ISERROR((HLOOKUP($A$5,Prj_list!$O$6:$Z$7,2)*'2012 HR 배정표'!AC11)/HLOOKUP($A$5,Prj_list!$O$6:$Z$7,2))=TRUE,"-",(HLOOKUP($A$5,Prj_list!$O$6:$Z$7,2)*'2012 HR 배정표'!AC11)/HLOOKUP($A$5,Prj_list!$O$6:$Z$7,2))) -> - | Y13: =IF(ISBLANK('2012 HR 배정표'!AD11)=TRUE,"-",'2012 HR 배정표'!AD11) -> - | Z13: =IF(ISBLANK('2012 HR 배정표'!AD11)=TRUE,"-",IF(ISERROR((HLOOKUP($A$5,Prj_list!$O$6:$Z$7,2)*'2012 HR 배정표'!AE11)/HLOOKUP($A$5,Prj_list!$O$6:$Z$7,2))=TRUE,"-",(HLOOKUP($A$5,Prj_list!$O$6:$Z$7,2)*'2012 HR 배정표'!AE11)/HLOOKUP($A$5,Prj_list!$O$6:$Z$7,2))) -> - | AA13: =IF(ISBLANK('2012 HR 배정표'!AF11)=TRUE,"-",'2012 HR 배정표'!AF11) -> - | AB13: =IF(ISBLANK('2012 HR 배정표'!AF11)=TRUE,"-",IF(ISERROR((HLOOKUP($A$5,Prj_list!$O$6:$Z$7,2)*'2012 HR 배정표'!AG11)/HLOOKUP($A$5,Prj_list!$O$6:$Z$7,2))=TRUE,"-",(HLOOKUP($A$5,Prj_list!$O$6:$Z$7,2)*'2012 HR 배정표'!AG11)/HLOOKUP($A$5,Prj_list!$O$6:$Z$7,2))) -> - | AC13: =IF(ISBLANK('2012 HR 배정표'!AH11)=TRUE,"-",'2012 HR 배정표'!AH11) -> - | AD13: =IF(ISBLANK('2012 HR 배정표'!AH11)=TRUE,"-",IF(ISERROR((HLOOKUP($A$5,Prj_list!$O$6:$Z$7,2)*'2012 HR 배정표'!AI11)/HLOOKUP($A$5,Prj_list!$O$6:$Z$7,2))=TRUE,"-",(HLOOKUP($A$5,Prj_list!$O$6:$Z$7,2)*'2012 HR 배정표'!AI11)/HLOOKUP($A$5,Prj_list!$O$6:$Z$7,2))) -> - | AE13: =IF(ISBLANK('2012 HR 배정표'!AJ11)=TRUE,"-",'2012 HR 배정표'!AJ11) -> - | AF13: =IF(ISBLANK('2012 HR 배정표'!AJ11)=TRUE,"-",IF(ISERROR((HLOOKUP($A$5,Prj_list!$O$6:$Z$7,2)*'2012 HR 배정표'!AK11)/HLOOKUP($A$5,Prj_list!$O$6:$Z$7,2))=TRUE,"-",(HLOOKUP($A$5,Prj_list!$O$6:$Z$7,2)*'2012 HR 배정표'!AK11)/HLOOKUP($A$5,Prj_list!$O$6:$Z$7,2))) -> - | AG13: =IF(ISBLANK('2012 HR 배정표'!AL11)=TRUE,"-",'2012 HR 배정표'!AL11) -> - | AH13: =IF(ISBLANK('2012 HR 배정표'!AL11)=TRUE,"-",IF(ISERROR((HLOOKUP($A$5,Prj_list!$O$6:$Z$7,2)*'2012 HR 배정표'!AM11)/HLOOKUP($A$5,Prj_list!$O$6:$Z$7,2))=TRUE,"-",(HLOOKUP($A$5,Prj_list!$O$6:$Z$7,2)*'2012 HR 배정표'!AM11)/HLOOKUP($A$5,Prj_list!$O$6:$Z$7,2))) -> - | AI13: =IF(ISBLANK('2012 HR 배정표'!AN11)=TRUE,"-",'2012 HR 배정표'!AN11) -> - | AJ13: =IF(ISBLANK('2012 HR 배정표'!AN11)=TRUE,"-",IF(ISERROR((HLOOKUP($A$5,Prj_list!$O$6:$Z$7,2)*'2012 HR 배정표'!AO11)/HLOOKUP($A$5,Prj_list!$O$6:$Z$7,2))=TRUE,"-",(HLOOKUP($A$5,Prj_list!$O$6:$Z$7,2)*'2012 HR 배정표'!AO11)/HLOOKUP($A$5,Prj_list!$O$6:$Z$7,2))) -> - | AK13: =IF(ISBLANK('2012 HR 배정표'!AP11)=TRUE,"-",'2012 HR 배정표'!AP11) -> - | AL13: =IF(ISBLANK('2012 HR 배정표'!AP11)=TRUE,"-",IF(ISERROR((HLOOKUP($A$5,Prj_list!$O$6:$Z$7,2)*'2012 HR 배정표'!AQ11)/HLOOKUP($A$5,Prj_list!$O$6:$Z$7,2))=TRUE,"-",(HLOOKUP($A$5,Prj_list!$O$6:$Z$7,2)*'2012 HR 배정표'!AQ11)/HLOOKUP($A$5,Prj_list!$O$6:$Z$7,2))) -> - | AM13: =IF(ISBLANK('2012 HR 배정표'!AR11)=TRUE,"-",'2012 HR 배정표'!AR11) -> - | AN13: =IF(ISBLANK('2012 HR 배정표'!AR11)=TRUE,"-",IF(ISERROR((HLOOKUP($A$5,Prj_list!$O$6:$Z$7,2)*'2012 HR 배정표'!AS11)/HLOOKUP($A$5,Prj_list!$O$6:$Z$7,2))=TRUE,"-",(HLOOKUP($A$5,Prj_list!$O$6:$Z$7,2)*'2012 HR 배정표'!AS11)/HLOOKUP($A$5,Prj_list!$O$6:$Z$7,2))) -> - | AO13: =IF(ISBLANK('2012 HR 배정표'!AT11)=TRUE,"-",'2012 HR 배정표'!AT11) -> - | AP13: =IF(ISBLANK('2012 HR 배정표'!AT11)=TRUE,"-",IF(ISERROR((HLOOKUP($A$5,Prj_list!$O$6:$Z$7,2)*'2012 HR 배정표'!AU11)/HLOOKUP($A$5,Prj_list!$O$6:$Z$7,2))=TRUE,"-",(HLOOKUP($A$5,Prj_list!$O$6:$Z$7,2)*'2012 HR 배정표'!AU11)/HLOOKUP($A$5,Prj_list!$O$6:$Z$7,2))) -> - | AQ13: =IF(ISBLANK('2012 HR 배정표'!AV11)=TRUE,"-",'2012 HR 배정표'!AV11) -> - | AR13: =IF(ISBLANK('2012 HR 배정표'!AV11)=TRUE,"-",IF(ISERROR((HLOOKUP($A$5,Prj_list!$O$6:$Z$7,2)*'2012 HR 배정표'!AW11)/HLOOKUP($A$5,Prj_list!$O$6:$Z$7,2))=TRUE,"-",(HLOOKUP($A$5,Prj_list!$O$6:$Z$7,2)*'2012 HR 배정표'!AW11)/HLOOKUP($A$5,Prj_list!$O$6:$Z$7,2))) -> - | AS13: =IF(ISBLANK('2012 HR 배정표'!AX11)=TRUE,"-",'2012 HR 배정표'!AX11) -> - | AT13: =IF(ISBLANK('2012 HR 배정표'!AX11)=TRUE,"-",IF(ISERROR((HLOOKUP($A$5,Prj_list!$O$6:$Z$7,2)*'2012 HR 배정표'!AY11)/HLOOKUP($A$5,Prj_list!$O$6:$Z$7,2))=TRUE,"-",(HLOOKUP($A$5,Prj_list!$O$6:$Z$7,2)*'2012 HR 배정표'!AY11)/HLOOKUP($A$5,Prj_list!$O$6:$Z$7,2))) -> - | AU13: =IF(ISBLANK('2012 HR 배정표'!AZ11)=TRUE,"-",'2012 HR 배정표'!AZ11) -> - | AV13: =IF(ISBLANK('2012 HR 배정표'!AZ11)=TRUE,"-",IF(ISERROR((HLOOKUP($A$5,Prj_list!$O$6:$Z$7,2)*'2012 HR 배정표'!BA11)/HLOOKUP($A$5,Prj_list!$O$6:$Z$7,2))=TRUE,"-",(HLOOKUP($A$5,Prj_list!$O$6:$Z$7,2)*'2012 HR 배정표'!BA11)/HLOOKUP($A$5,Prj_list!$O$6:$Z$7,2))) -> - | AW13: =IF(COUNTIF(A13:AV13,"-")=48,"",SUMPRODUCT(N(MOD(COLUMN(A13:AV13),2)=1),A13:AV13)/((48-COUNTIF(A13:AV13,"-"))/2)) | AX13: =SUMPRODUCT(N(MOD(COLUMN(A13:AV13),2)=0),A13:AV13) -> 0
A14: =IF(ISBLANK('2012 HR 배정표'!F12)=TRUE,"-",'2012 HR 배정표'!F12) -> - | B14: =IF(ISBLANK('2012 HR 배정표'!F12)=TRUE,"-",IF(ISERROR((HLOOKUP($A$5,Prj_list!$O$6:$Z$7,2)*'2012 HR 배정표'!G12)/HLOOKUP($A$5,Prj_list!$O$6:$Z$7,2))=TRUE,"-",(HLOOKUP($A$5,Prj_list!$O$6:$Z$7,2)*'2012 HR 배정표'!G12)/HLOOKUP($A$5,Prj_list!$O$6:$Z$7,2))) -> - | C14: =IF(ISBLANK('2012 HR 배정표'!H12)=TRUE,"-",'2012 HR 배정표'!H12) -> - | D14: =IF(ISBLANK('2012 HR 배정표'!H12)=TRUE,"-",IF(ISERROR((HLOOKUP($A$5,Prj_list!$O$6:$Z$7,2)*'2012 HR 배정표'!I12)/HLOOKUP($A$5,Prj_list!$O$6:$Z$7,2))=TRUE,"-",(HLOOKUP($A$5,Prj_list!$O$6:$Z$7,2)*'2012 HR 배정표'!I12)/HLOOKUP($A$5,Prj_list!$O$6:$Z$7,2))) -> - | E14: =IF(ISBLANK('2012 HR 배정표'!J12)=TRUE,"-",'2012 HR 배정표'!J12) -> - | F14: =IF(ISBLANK('2012 HR 배정표'!J12)=TRUE,"-",IF(ISERROR((HLOOKUP($A$5,Prj_list!$O$6:$Z$7,2)*'2012 HR 배정표'!K12)/HLOOKUP($A$5,Prj_list!$O$6:$Z$7,2))=TRUE,"-",(HLOOKUP($A$5,Prj_list!$O$6:$Z$7,2)*'2012 HR 배정표'!K12)/HLOOKUP($A$5,Prj_list!$O$6:$Z$7,2))) -> - | G14: =IF(ISBLANK('2012 HR 배정표'!L12)=TRUE,"-",'2012 HR 배정표'!L12) -> - | H14: =IF(ISBLANK('2012 HR 배정표'!L12)=TRUE,"-",IF(ISERROR((HLOOKUP($A$5,Prj_list!$O$6:$Z$7,2)*'2012 HR 배정표'!M12)/HLOOKUP($A$5,Prj_list!$O$6:$Z$7,2))=TRUE,"-",(HLOOKUP($A$5,Prj_list!$O$6:$Z$7,2)*'2012 HR 배정표'!M12)/HLOOKUP($A$5,Prj_list!$O$6:$Z$7,2))) -> - | I14: =IF(ISBLANK('2012 HR 배정표'!N12)=TRUE,"-",'2012 HR 배정표'!N12) -> - | J14: =IF(ISBLANK('2012 HR 배정표'!N12)=TRUE,"-",IF(ISERROR((HLOOKUP($A$5,Prj_list!$O$6:$Z$7,2)*'2012 HR 배정표'!O12)/HLOOKUP($A$5,Prj_list!$O$6:$Z$7,2))=TRUE,"-",(HLOOKUP($A$5,Prj_list!$O$6:$Z$7,2)*'2012 HR 배정표'!O12)/HLOOKUP($A$5,Prj_list!$O$6:$Z$7,2))) -> - | K14: =IF(ISBLANK('2012 HR 배정표'!P12)=TRUE,"-",'2012 HR 배정표'!P12) -> - | L14: =IF(ISBLANK('2012 HR 배정표'!P12)=TRUE,"-",IF(ISERROR((HLOOKUP($A$5,Prj_list!$O$6:$Z$7,2)*'2012 HR 배정표'!Q12)/HLOOKUP($A$5,Prj_list!$O$6:$Z$7,2))=TRUE,"-",(HLOOKUP($A$5,Prj_list!$O$6:$Z$7,2)*'2012 HR 배정표'!Q12)/HLOOKUP($A$5,Prj_list!$O$6:$Z$7,2))) -> - | M14: =IF(ISBLANK('2012 HR 배정표'!R12)=TRUE,"-",'2012 HR 배정표'!R12) -> - | N14: =IF(ISBLANK('2012 HR 배정표'!R12)=TRUE,"-",IF(ISERROR((HLOOKUP($A$5,Prj_list!$O$6:$Z$7,2)*'2012 HR 배정표'!S12)/HLOOKUP($A$5,Prj_list!$O$6:$Z$7,2))=TRUE,"-",(HLOOKUP($A$5,Prj_list!$O$6:$Z$7,2)*'2012 HR 배정표'!S12)/HLOOKUP($A$5,Prj_list!$O$6:$Z$7,2))) -> - | O14: =IF(ISBLANK('2012 HR 배정표'!T12)=TRUE,"-",'2012 HR 배정표'!T12) -> - | P14: =IF(ISBLANK('2012 HR 배정표'!T12)=TRUE,"-",IF(ISERROR((HLOOKUP($A$5,Prj_list!$O$6:$Z$7,2)*'2012 HR 배정표'!U12)/HLOOKUP($A$5,Prj_list!$O$6:$Z$7,2))=TRUE,"-",(HLOOKUP($A$5,Prj_list!$O$6:$Z$7,2)*'2012 HR 배정표'!U12)/HLOOKUP($A$5,Prj_list!$O$6:$Z$7,2))) -> - | Q14: =IF(ISBLANK('2012 HR 배정표'!V12)=TRUE,"-",'2012 HR 배정표'!V12) -> - | R14: =IF(ISBLANK('2012 HR 배정표'!V12)=TRUE,"-",IF(ISERROR((HLOOKUP($A$5,Prj_list!$O$6:$Z$7,2)*'2012 HR 배정표'!W12)/HLOOKUP($A$5,Prj_list!$O$6:$Z$7,2))=TRUE,"-",(HLOOKUP($A$5,Prj_list!$O$6:$Z$7,2)*'2012 HR 배정표'!W12)/HLOOKUP($A$5,Prj_list!$O$6:$Z$7,2))) -> - | S14: =IF(ISBLANK('2012 HR 배정표'!X12)=TRUE,"-",'2012 HR 배정표'!X12) -> - | T14: =IF(ISBLANK('2012 HR 배정표'!X12)=TRUE,"-",IF(ISERROR((HLOOKUP($A$5,Prj_list!$O$6:$Z$7,2)*'2012 HR 배정표'!Y12)/HLOOKUP($A$5,Prj_list!$O$6:$Z$7,2))=TRUE,"-",(HLOOKUP($A$5,Prj_list!$O$6:$Z$7,2)*'2012 HR 배정표'!Y12)/HLOOKUP($A$5,Prj_list!$O$6:$Z$7,2))) -> - | U14: =IF(ISBLANK('2012 HR 배정표'!Z12)=TRUE,"-",'2012 HR 배정표'!Z12) -> - | V14: =IF(ISBLANK('2012 HR 배정표'!Z12)=TRUE,"-",IF(ISERROR((HLOOKUP($A$5,Prj_list!$O$6:$Z$7,2)*'2012 HR 배정표'!AA12)/HLOOKUP($A$5,Prj_list!$O$6:$Z$7,2))=TRUE,"-",(HLOOKUP($A$5,Prj_list!$O$6:$Z$7,2)*'2012 HR 배정표'!AA12)/HLOOKUP($A$5,Prj_list!$O$6:$Z$7,2))) -> - | W14: =IF(ISBLANK('2012 HR 배정표'!AB12)=TRUE,"-",'2012 HR 배정표'!AB12) -> - | X14: =IF(ISBLANK('2012 HR 배정표'!AB12)=TRUE,"-",IF(ISERROR((HLOOKUP($A$5,Prj_list!$O$6:$Z$7,2)*'2012 HR 배정표'!AC12)/HLOOKUP($A$5,Prj_list!$O$6:$Z$7,2))=TRUE,"-",(HLOOKUP($A$5,Prj_list!$O$6:$Z$7,2)*'2012 HR 배정표'!AC12)/HLOOKUP($A$5,Prj_list!$O$6:$Z$7,2))) -> - | Y14: =IF(ISBLANK('2012 HR 배정표'!AD12)=TRUE,"-",'2012 HR 배정표'!AD12) -> - | Z14: =IF(ISBLANK('2012 HR 배정표'!AD12)=TRUE,"-",IF(ISERROR((HLOOKUP($A$5,Prj_list!$O$6:$Z$7,2)*'2012 HR 배정표'!AE12)/HLOOKUP($A$5,Prj_list!$O$6:$Z$7,2))=TRUE,"-",(HLOOKUP($A$5,Prj_list!$O$6:$Z$7,2)*'2012 HR 배정표'!AE12)/HLOOKUP($A$5,Prj_list!$O$6:$Z$7,2))) -> - | AA14: =IF(ISBLANK('2012 HR 배정표'!AF12)=TRUE,"-",'2012 HR 배정표'!AF12) -> - | AB14: =IF(ISBLANK('2012 HR 배정표'!AF12)=TRUE,"-",IF(ISERROR((HLOOKUP($A$5,Prj_list!$O$6:$Z$7,2)*'2012 HR 배정표'!AG12)/HLOOKUP($A$5,Prj_list!$O$6:$Z$7,2))=TRUE,"-",(HLOOKUP($A$5,Prj_list!$O$6:$Z$7,2)*'2012 HR 배정표'!AG12)/HLOOKUP($A$5,Prj_list!$O$6:$Z$7,2))) -> - | AC14: =IF(ISBLANK('2012 HR 배정표'!AH12)=TRUE,"-",'2012 HR 배정표'!AH12) -> - | AD14: =IF(ISBLANK('2012 HR 배정표'!AH12)=TRUE,"-",IF(ISERROR((HLOOKUP($A$5,Prj_list!$O$6:$Z$7,2)*'2012 HR 배정표'!AI12)/HLOOKUP($A$5,Prj_list!$O$6:$Z$7,2))=TRUE,"-",(HLOOKUP($A$5,Prj_list!$O$6:$Z$7,2)*'2012 HR 배정표'!AI12)/HLOOKUP($A$5,Prj_list!$O$6:$Z$7,2))) -> - | AE14: =IF(ISBLANK('2012 HR 배정표'!AJ12)=TRUE,"-",'2012 HR 배정표'!AJ12) -> - | AF14: =IF(ISBLANK('2012 HR 배정표'!AJ12)=TRUE,"-",IF(ISERROR((HLOOKUP($A$5,Prj_list!$O$6:$Z$7,2)*'2012 HR 배정표'!AK12)/HLOOKUP($A$5,Prj_list!$O$6:$Z$7,2))=TRUE,"-",(HLOOKUP($A$5,Prj_list!$O$6:$Z$7,2)*'2012 HR 배정표'!AK12)/HLOOKUP($A$5,Prj_list!$O$6:$Z$7,2))) -> - | AG14: =IF(ISBLANK('2012 HR 배정표'!AL12)=TRUE,"-",'2012 HR 배정표'!AL12) -> - | AH14: =IF(ISBLANK('2012 HR 배정표'!AL12)=TRUE,"-",IF(ISERROR((HLOOKUP($A$5,Prj_list!$O$6:$Z$7,2)*'2012 HR 배정표'!AM12)/HLOOKUP($A$5,Prj_list!$O$6:$Z$7,2))=TRUE,"-",(HLOOKUP($A$5,Prj_list!$O$6:$Z$7,2)*'2012 HR 배정표'!AM12)/HLOOKUP($A$5,Prj_list!$O$6:$Z$7,2))) -> - | AI14: =IF(ISBLANK('2012 HR 배정표'!AN12)=TRUE,"-",'2012 HR 배정표'!AN12) -> - | AJ14: =IF(ISBLANK('2012 HR 배정표'!AN12)=TRUE,"-",IF(ISERROR((HLOOKUP($A$5,Prj_list!$O$6:$Z$7,2)*'2012 HR 배정표'!AO12)/HLOOKUP($A$5,Prj_list!$O$6:$Z$7,2))=TRUE,"-",(HLOOKUP($A$5,Prj_list!$O$6:$Z$7,2)*'2012 HR 배정표'!AO12)/HLOOKUP($A$5,Prj_list!$O$6:$Z$7,2))) -> - | AK14: =IF(ISBLANK('2012 HR 배정표'!AP12)=TRUE,"-",'2012 HR 배정표'!AP12) -> - | AL14: =IF(ISBLANK('2012 HR 배정표'!AP12)=TRUE,"-",IF(ISERROR((HLOOKUP($A$5,Prj_list!$O$6:$Z$7,2)*'2012 HR 배정표'!AQ12)/HLOOKUP($A$5,Prj_list!$O$6:$Z$7,2))=TRUE,"-",(HLOOKUP($A$5,Prj_list!$O$6:$Z$7,2)*'2012 HR 배정표'!AQ12)/HLOOKUP($A$5,Prj_list!$O$6:$Z$7,2))) -> - | AM14: =IF(ISBLANK('2012 HR 배정표'!AR12)=TRUE,"-",'2012 HR 배정표'!AR12) -> - | AN14: =IF(ISBLANK('2012 HR 배정표'!AR12)=TRUE,"-",IF(ISERROR((HLOOKUP($A$5,Prj_list!$O$6:$Z$7,2)*'2012 HR 배정표'!AS12)/HLOOKUP($A$5,Prj_list!$O$6:$Z$7,2))=TRUE,"-",(HLOOKUP($A$5,Prj_list!$O$6:$Z$7,2)*'2012 HR 배정표'!AS12)/HLOOKUP($A$5,Prj_list!$O$6:$Z$7,2))) -> - | AO14: =IF(ISBLANK('2012 HR 배정표'!AT12)=TRUE,"-",'2012 HR 배정표'!AT12) -> - | AP14: =IF(ISBLANK('2012 HR 배정표'!AT12)=TRUE,"-",IF(ISERROR((HLOOKUP($A$5,Prj_list!$O$6:$Z$7,2)*'2012 HR 배정표'!AU12)/HLOOKUP($A$5,Prj_list!$O$6:$Z$7,2))=TRUE,"-",(HLOOKUP($A$5,Prj_list!$O$6:$Z$7,2)*'2012 HR 배정표'!AU12)/HLOOKUP($A$5,Prj_list!$O$6:$Z$7,2))) -> - | AQ14: =IF(ISBLANK('2012 HR 배정표'!AV12)=TRUE,"-",'2012 HR 배정표'!AV12) -> - | AR14: =IF(ISBLANK('2012 HR 배정표'!AV12)=TRUE,"-",IF(ISERROR((HLOOKUP($A$5,Prj_list!$O$6:$Z$7,2)*'2012 HR 배정표'!AW12)/HLOOKUP($A$5,Prj_list!$O$6:$Z$7,2))=TRUE,"-",(HLOOKUP($A$5,Prj_list!$O$6:$Z$7,2)*'2012 HR 배정표'!AW12)/HLOOKUP($A$5,Prj_list!$O$6:$Z$7,2))) -> - | AS14: =IF(ISBLANK('2012 HR 배정표'!AX12)=TRUE,"-",'2012 HR 배정표'!AX12) -> - | AT14: =IF(ISBLANK('2012 HR 배정표'!AX12)=TRUE,"-",IF(ISERROR((HLOOKUP($A$5,Prj_list!$O$6:$Z$7,2)*'2012 HR 배정표'!AY12)/HLOOKUP($A$5,Prj_list!$O$6:$Z$7,2))=TRUE,"-",(HLOOKUP($A$5,Prj_list!$O$6:$Z$7,2)*'2012 HR 배정표'!AY12)/HLOOKUP($A$5,Prj_list!$O$6:$Z$7,2))) -> - | AU14: =IF(ISBLANK('2012 HR 배정표'!AZ12)=TRUE,"-",'2012 HR 배정표'!AZ12) -> - | AV14: =IF(ISBLANK('2012 HR 배정표'!AZ12)=TRUE,"-",IF(ISERROR((HLOOKUP($A$5,Prj_list!$O$6:$Z$7,2)*'2012 HR 배정표'!BA12)/HLOOKUP($A$5,Prj_list!$O$6:$Z$7,2))=TRUE,"-",(HLOOKUP($A$5,Prj_list!$O$6:$Z$7,2)*'2012 HR 배정표'!BA12)/HLOOKUP($A$5,Prj_list!$O$6:$Z$7,2))) -> - | AW14: =IF(COUNTIF(A14:AV14,"-")=48,"",SUMPRODUCT(N(MOD(COLUMN(A14:AV14),2)=1),A14:AV14)/((48-COUNTIF(A14:AV14,"-"))/2)) | AX14: =SUMPRODUCT(N(MOD(COLUMN(A14:AV14),2)=0),A14:AV14) -> 0
A15: =IF(ISBLANK('2012 HR 배정표'!F13)=TRUE,"-",'2012 HR 배정표'!F13) -> - | B15: =IF(ISBLANK('2012 HR 배정표'!F13)=TRUE,"-",IF(ISERROR((HLOOKUP($A$5,Prj_list!$O$6:$Z$7,2)*'2012 HR 배정표'!G13)/HLOOKUP($A$5,Prj_list!$O$6:$Z$7,2))=TRUE,"-",(HLOOKUP($A$5,Prj_list!$O$6:$Z$7,2)*'2012 HR 배정표'!G13)/HLOOKUP($A$5,Prj_list!$O$6:$Z$7,2))) -> - | C15: =IF(ISBLANK('2012 HR 배정표'!H13)=TRUE,"-",'2012 HR 배정표'!H13) -> - | D15: =IF(ISBLANK('2012 HR 배정표'!H13)=TRUE,"-",IF(ISERROR((HLOOKUP($A$5,Prj_list!$O$6:$Z$7,2)*'2012 HR 배정표'!I13)/HLOOKUP($A$5,Prj_list!$O$6:$Z$7,2))=TRUE,"-",(HLOOKUP($A$5,Prj_list!$O$6:$Z$7,2)*'2012 HR 배정표'!I13)/HLOOKUP($A$5,Prj_list!$O$6:$Z$7,2))) -> - | E15: =IF(ISBLANK('2012 HR 배정표'!J13)=TRUE,"-",'2012 HR 배정표'!J13) -> - | F15: =IF(ISBLANK('2012 HR 배정표'!J13)=TRUE,"-",IF(ISERROR((HLOOKUP($A$5,Prj_list!$O$6:$Z$7,2)*'2012 HR 배정표'!K13)/HLOOKUP($A$5,Prj_list!$O$6:$Z$7,2))=TRUE,"-",(HLOOKUP($A$5,Prj_list!$O$6:$Z$7,2)*'2012 HR 배정표'!K13)/HLOOKUP($A$5,Prj_list!$O$6:$Z$7,2))) -> - | G15: =IF(ISBLANK('2012 HR 배정표'!L13)=TRUE,"-",'2012 HR 배정표'!L13) -> - | H15: =IF(ISBLANK('2012 HR 배정표'!L13)=TRUE,"-",IF(ISERROR((HLOOKUP($A$5,Prj_list!$O$6:$Z$7,2)*'2012 HR 배정표'!M13)/HLOOKUP($A$5,Prj_list!$O$6:$Z$7,2))=TRUE,"-",(HLOOKUP($A$5,Prj_list!$O$6:$Z$7,2)*'2012 HR 배정표'!M13)/HLOOKUP($A$5,Prj_list!$O$6:$Z$7,2))) -> - | I15: =IF(ISBLANK('2012 HR 배정표'!N13)=TRUE,"-",'2012 HR 배정표'!N13) -> - | J15: =IF(ISBLANK('2012 HR 배정표'!N13)=TRUE,"-",IF(ISERROR((HLOOKUP($A$5,Prj_list!$O$6:$Z$7,2)*'2012 HR 배정표'!O13)/HLOOKUP($A$5,Prj_list!$O$6:$Z$7,2))=TRUE,"-",(HLOOKUP($A$5,Prj_list!$O$6:$Z$7,2)*'2012 HR 배정표'!O13)/HLOOKUP($A$5,Prj_list!$O$6:$Z$7,2))) -> - | K15: =IF(ISBLANK('2012 HR 배정표'!P13)=TRUE,"-",'2012 HR 배정표'!P13) -> - | L15: =IF(ISBLANK('2012 HR 배정표'!P13)=TRUE,"-",IF(ISERROR((HLOOKUP($A$5,Prj_list!$O$6:$Z$7,2)*'2012 HR 배정표'!Q13)/HLOOKUP($A$5,Prj_list!$O$6:$Z$7,2))=TRUE,"-",(HLOOKUP($A$5,Prj_list!$O$6:$Z$7,2)*'2012 HR 배정표'!Q13)/HLOOKUP($A$5,Prj_list!$O$6:$Z$7,2))) -> - | M15: =IF(ISBLANK('2012 HR 배정표'!R13)=TRUE,"-",'2012 HR 배정표'!R13) -> - | N15: =IF(ISBLANK('2012 HR 배정표'!R13)=TRUE,"-",IF(ISERROR((HLOOKUP($A$5,Prj_list!$O$6:$Z$7,2)*'2012 HR 배정표'!S13)/HLOOKUP($A$5,Prj_list!$O$6:$Z$7,2))=TRUE,"-",(HLOOKUP($A$5,Prj_list!$O$6:$Z$7,2)*'2012 HR 배정표'!S13)/HLOOKUP($A$5,Prj_list!$O$6:$Z$7,2))) -> - | O15: =IF(ISBLANK('2012 HR 배정표'!T13)=TRUE,"-",'2012 HR 배정표'!T13) -> - | P15: =IF(ISBLANK('2012 HR 배정표'!T13)=TRUE,"-",IF(ISERROR((HLOOKUP($A$5,Prj_list!$O$6:$Z$7,2)*'2012 HR 배정표'!U13)/HLOOKUP($A$5,Prj_list!$O$6:$Z$7,2))=TRUE,"-",(HLOOKUP($A$5,Prj_list!$O$6:$Z$7,2)*'2012 HR 배정표'!U13)/HLOOKUP($A$5,Prj_list!$O$6:$Z$7,2))) -> - | Q15: =IF(ISBLANK('2012 HR 배정표'!V13)=TRUE,"-",'2012 HR 배정표'!V13) -> - | R15: =IF(ISBLANK('2012 HR 배정표'!V13)=TRUE,"-",IF(ISERROR((HLOOKUP($A$5,Prj_list!$O$6:$Z$7,2)*'2012 HR 배정표'!W13)/HLOOKUP($A$5,Prj_list!$O$6:$Z$7,2))=TRUE,"-",(HLOOKUP($A$5,Prj_list!$O$6:$Z$7,2)*'2012 HR 배정표'!W13)/HLOOKUP($A$5,Prj_list!$O$6:$Z$7,2))) -> - | S15: =IF(ISBLANK('2012 HR 배정표'!X13)=TRUE,"-",'2012 HR 배정표'!X13) -> - | T15: =IF(ISBLANK('2012 HR 배정표'!X13)=TRUE,"-",IF(ISERROR((HLOOKUP($A$5,Prj_list!$O$6:$Z$7,2)*'2012 HR 배정표'!Y13)/HLOOKUP($A$5,Prj_list!$O$6:$Z$7,2))=TRUE,"-",(HLOOKUP($A$5,Prj_list!$O$6:$Z$7,2)*'2012 HR 배정표'!Y13)/HLOOKUP($A$5,Prj_list!$O$6:$Z$7,2))) -> - | U15: =IF(ISBLANK('2012 HR 배정표'!Z13)=TRUE,"-",'2012 HR 배정표'!Z13) -> - | V15: =IF(ISBLANK('2012 HR 배정표'!Z13)=TRUE,"-",IF(ISERROR((HLOOKUP($A$5,Prj_list!$O$6:$Z$7,2)*'2012 HR 배정표'!AA13)/HLOOKUP($A$5,Prj_list!$O$6:$Z$7,2))=TRUE,"-",(HLOOKUP($A$5,Prj_list!$O$6:$Z$7,2)*'2012 HR 배정표'!AA13)/HLOOKUP($A$5,Prj_list!$O$6:$Z$7,2))) -> - | W15: =IF(ISBLANK('2012 HR 배정표'!AB13)=TRUE,"-",'2012 HR 배정표'!AB13) -> - | X15: =IF(ISBLANK('2012 HR 배정표'!AB13)=TRUE,"-",IF(ISERROR((HLOOKUP($A$5,Prj_list!$O$6:$Z$7,2)*'2012 HR 배정표'!AC13)/HLOOKUP($A$5,Prj_list!$O$6:$Z$7,2))=TRUE,"-",(HLOOKUP($A$5,Prj_list!$O$6:$Z$7,2)*'2012 HR 배정표'!AC13)/HLOOKUP($A$5,Prj_list!$O$6:$Z$7,2))) -> - | Y15: =IF(ISBLANK('2012 HR 배정표'!AD13)=TRUE,"-",'2012 HR 배정표'!AD13) -> - | Z15: =IF(ISBLANK('2012 HR 배정표'!AD13)=TRUE,"-",IF(ISERROR((HLOOKUP($A$5,Prj_list!$O$6:$Z$7,2)*'2012 HR 배정표'!AE13)/HLOOKUP($A$5,Prj_list!$O$6:$Z$7,2))=TRUE,"-",(HLOOKUP($A$5,Prj_list!$O$6:$Z$7,2)*'2012 HR 배정표'!AE13)/HLOOKUP($A$5,Prj_list!$O$6:$Z$7,2))) -> - | AA15: =IF(ISBLANK('2012 HR 배정표'!AF13)=TRUE,"-",'2012 HR 배정표'!AF13) -> - | AB15: =IF(ISBLANK('2012 HR 배정표'!AF13)=TRUE,"-",IF(ISERROR((HLOOKUP($A$5,Prj_list!$O$6:$Z$7,2)*'2012 HR 배정표'!AG13)/HLOOKUP($A$5,Prj_list!$O$6:$Z$7,2))=TRUE,"-",(HLOOKUP($A$5,Prj_list!$O$6:$Z$7,2)*'2012 HR 배정표'!AG13)/HLOOKUP($A$5,Prj_list!$O$6:$Z$7,2))) -> - | AC15: =IF(ISBLANK('2012 HR 배정표'!AH13)=TRUE,"-",'2012 HR 배정표'!AH13) -> - | AD15: =IF(ISBLANK('2012 HR 배정표'!AH13)=TRUE,"-",IF(ISERROR((HLOOKUP($A$5,Prj_list!$O$6:$Z$7,2)*'2012 HR 배정표'!AI13)/HLOOKUP($A$5,Prj_list!$O$6:$Z$7,2))=TRUE,"-",(HLOOKUP($A$5,Prj_list!$O$6:$Z$7,2)*'2012 HR 배정표'!AI13)/HLOOKUP($A$5,Prj_list!$O$6:$Z$7,2))) -> - | AE15: =IF(ISBLANK('2012 HR 배정표'!AJ13)=TRUE,"-",'2012 HR 배정표'!AJ13) -> - | AF15: =IF(ISBLANK('2012 HR 배정표'!AJ13)=TRUE,"-",IF(ISERROR((HLOOKUP($A$5,Prj_list!$O$6:$Z$7,2)*'2012 HR 배정표'!AK13)/HLOOKUP($A$5,Prj_list!$O$6:$Z$7,2))=TRUE,"-",(HLOOKUP($A$5,Prj_list!$O$6:$Z$7,2)*'2012 HR 배정표'!AK13)/HLOOKUP($A$5,Prj_list!$O$6:$Z$7,2))) -> - | AG15: =IF(ISBLANK('2012 HR 배정표'!AL13)=TRUE,"-",'2012 HR 배정표'!AL13) -> - | AH15: =IF(ISBLANK('2012 HR 배정표'!AL13)=TRUE,"-",IF(ISERROR((HLOOKUP($A$5,Prj_list!$O$6:$Z$7,2)*'2012 HR 배정표'!AM13)/HLOOKUP($A$5,Prj_list!$O$6:$Z$7,2))=TRUE,"-",(HLOOKUP($A$5,Prj_list!$O$6:$Z$7,2)*'2012 HR 배정표'!AM13)/HLOOKUP($A$5,Prj_list!$O$6:$Z$7,2))) -> - | AI15: =IF(ISBLANK('2012 HR 배정표'!AN13)=TRUE,"-",'2012 HR 배정표'!AN13) -> - | AJ15: =IF(ISBLANK('2012 HR 배정표'!AN13)=TRUE,"-",IF(ISERROR((HLOOKUP($A$5,Prj_list!$O$6:$Z$7,2)*'2012 HR 배정표'!AO13)/HLOOKUP($A$5,Prj_list!$O$6:$Z$7,2))=TRUE,"-",(HLOOKUP($A$5,Prj_list!$O$6:$Z$7,2)*'2012 HR 배정표'!AO13)/HLOOKUP($A$5,Prj_list!$O$6:$Z$7,2))) -> - | AK15: =IF(ISBLANK('2012 HR 배정표'!AP13)=TRUE,"-",'2012 HR 배정표'!AP13) -> - | AL15: =IF(ISBLANK('2012 HR 배정표'!AP13)=TRUE,"-",IF(ISERROR((HLOOKUP($A$5,Prj_list!$O$6:$Z$7,2)*'2012 HR 배정표'!AQ13)/HLOOKUP($A$5,Prj_list!$O$6:$Z$7,2))=TRUE,"-",(HLOOKUP($A$5,Prj_list!$O$6:$Z$7,2)*'2012 HR 배정표'!AQ13)/HLOOKUP($A$5,Prj_list!$O$6:$Z$7,2))) -> - | AM15: =IF(ISBLANK('2012 HR 배정표'!AR13)=TRUE,"-",'2012 HR 배정표'!AR13) -> - | AN15: =IF(ISBLANK('2012 HR 배정표'!AR13)=TRUE,"-",IF(ISERROR((HLOOKUP($A$5,Prj_list!$O$6:$Z$7,2)*'2012 HR 배정표'!AS13)/HLOOKUP($A$5,Prj_list!$O$6:$Z$7,2))=TRUE,"-",(HLOOKUP($A$5,Prj_list!$O$6:$Z$7,2)*'2012 HR 배정표'!AS13)/HLOOKUP($A$5,Prj_list!$O$6:$Z$7,2))) -> - | AO15: =IF(ISBLANK('2012 HR 배정표'!AT13)=TRUE,"-",'2012 HR 배정표'!AT13) -> - | AP15: =IF(ISBLANK('2012 HR 배정표'!AT13)=TRUE,"-",IF(ISERROR((HLOOKUP($A$5,Prj_list!$O$6:$Z$7,2)*'2012 HR 배정표'!AU13)/HLOOKUP($A$5,Prj_list!$O$6:$Z$7,2))=TRUE,"-",(HLOOKUP($A$5,Prj_list!$O$6:$Z$7,2)*'2012 HR 배정표'!AU13)/HLOOKUP($A$5,Prj_list!$O$6:$Z$7,2))) -> - | AQ15: =IF(ISBLANK('2012 HR 배정표'!AV13)=TRUE,"-",'2012 HR 배정표'!AV13) -> - | AR15: =IF(ISBLANK('2012 HR 배정표'!AV13)=TRUE,"-",IF(ISERROR((HLOOKUP($A$5,Prj_list!$O$6:$Z$7,2)*'2012 HR 배정표'!AW13)/HLOOKUP($A$5,Prj_list!$O$6:$Z$7,2))=TRUE,"-",(HLOOKUP($A$5,Prj_list!$O$6:$Z$7,2)*'2012 HR 배정표'!AW13)/HLOOKUP($A$5,Prj_list!$O$6:$Z$7,2))) -> - | AS15: =IF(ISBLANK('2012 HR 배정표'!AX13)=TRUE,"-",'2012 HR 배정표'!AX13) -> - | AT15: =IF(ISBLANK('2012 HR 배정표'!AX13)=TRUE,"-",IF(ISERROR((HLOOKUP($A$5,Prj_list!$O$6:$Z$7,2)*'2012 HR 배정표'!AY13)/HLOOKUP($A$5,Prj_list!$O$6:$Z$7,2))=TRUE,"-",(HLOOKUP($A$5,Prj_list!$O$6:$Z$7,2)*'2012 HR 배정표'!AY13)/HLOOKUP($A$5,Prj_list!$O$6:$Z$7,2))) -> - | AU15: =IF(ISBLANK('2012 HR 배정표'!AZ13)=TRUE,"-",'2012 HR 배정표'!AZ13) -> - | AV15: =IF(ISBLANK('2012 HR 배정표'!AZ13)=TRUE,"-",IF(ISERROR((HLOOKUP($A$5,Prj_list!$O$6:$Z$7,2)*'2012 HR 배정표'!BA13)/HLOOKUP($A$5,Prj_list!$O$6:$Z$7,2))=TRUE,"-",(HLOOKUP($A$5,Prj_list!$O$6:$Z$7,2)*'2012 HR 배정표'!BA13)/HLOOKUP($A$5,Prj_list!$O$6:$Z$7,2))) -> - | AW15: =IF(COUNTIF(A15:AV15,"-")=48,"",SUMPRODUCT(N(MOD(COLUMN(A15:AV15),2)=1),A15:AV15)/((48-COUNTIF(A15:AV15,"-"))/2)) | AX15: =SUMPRODUCT(N(MOD(COLUMN(A15:AV15),2)=0),A15:AV15) -> 0
A16: =IF(ISBLANK('2012 HR 배정표'!F14)=TRUE,"-",'2012 HR 배정표'!F14) -> - | B16: =IF(ISBLANK('2012 HR 배정표'!F14)=TRUE,"-",IF(ISERROR((HLOOKUP($A$5,Prj_list!$O$6:$Z$7,2)*'2012 HR 배정표'!G14)/HLOOKUP($A$5,Prj_list!$O$6:$Z$7,2))=TRUE,"-",(HLOOKUP($A$5,Prj_list!$O$6:$Z$7,2)*'2012 HR 배정표'!G14)/HLOOKUP($A$5,Prj_list!$O$6:$Z$7,2))) -> - | C16: =IF(ISBLANK('2012 HR 배정표'!H14)=TRUE,"-",'2012 HR 배정표'!H14) -> - | D16: =IF(ISBLANK('2012 HR 배정표'!H14)=TRUE,"-",IF(ISERROR((HLOOKUP($A$5,Prj_list!$O$6:$Z$7,2)*'2012 HR 배정표'!I14)/HLOOKUP($A$5,Prj_list!$O$6:$Z$7,2))=TRUE,"-",(HLOOKUP($A$5,Prj_list!$O$6:$Z$7,2)*'2012 HR 배정표'!I14)/HLOOKUP($A$5,Prj_list!$O$6:$Z$7,2))) -> - | E16: =IF(ISBLANK('2012 HR 배정표'!J14)=TRUE,"-",'2012 HR 배정표'!J14) -> - | F16: =IF(ISBLANK('2012 HR 배정표'!J14)=TRUE,"-",IF(ISERROR((HLOOKUP($A$5,Prj_list!$O$6:$Z$7,2)*'2012 HR 배정표'!K14)/HLOOKUP($A$5,Prj_list!$O$6:$Z$7,2))=TRUE,"-",(HLOOKUP($A$5,Prj_list!$O$6:$Z$7,2)*'2012 HR 배정표'!K14)/HLOOKUP($A$5,Prj_list!$O$6:$Z$7,2))) -> - | G16: =IF(ISBLANK('2012 HR 배정표'!L14)=TRUE,"-",'2012 HR 배정표'!L14) -> - | H16: =IF(ISBLANK('2012 HR 배정표'!L14)=TRUE,"-",IF(ISERROR((HLOOKUP($A$5,Prj_list!$O$6:$Z$7,2)*'2012 HR 배정표'!M14)/HLOOKUP($A$5,Prj_list!$O$6:$Z$7,2))=TRUE,"-",(HLOOKUP($A$5,Prj_list!$O$6:$Z$7,2)*'2012 HR 배정표'!M14)/HLOOKUP($A$5,Prj_list!$O$6:$Z$7,2))) -> - | I16: =IF(ISBLANK('2012 HR 배정표'!N14)=TRUE,"-",'2012 HR 배정표'!N14) -> - | J16: =IF(ISBLANK('2012 HR 배정표'!N14)=TRUE,"-",IF(ISERROR((HLOOKUP($A$5,Prj_list!$O$6:$Z$7,2)*'2012 HR 배정표'!O14)/HLOOKUP($A$5,Prj_list!$O$6:$Z$7,2))=TRUE,"-",(HLOOKUP($A$5,Prj_list!$O$6:$Z$7,2)*'2012 HR 배정표'!O14)/HLOOKUP($A$5,Prj_list!$O$6:$Z$7,2))) -> - | K16: =IF(ISBLANK('2012 HR 배정표'!P14)=TRUE,"-",'2012 HR 배정표'!P14) -> - | L16: =IF(ISBLANK('2012 HR 배정표'!P14)=TRUE,"-",IF(ISERROR((HLOOKUP($A$5,Prj_list!$O$6:$Z$7,2)*'2012 HR 배정표'!Q14)/HLOOKUP($A$5,Prj_list!$O$6:$Z$7,2))=TRUE,"-",(HLOOKUP($A$5,Prj_list!$O$6:$Z$7,2)*'2012 HR 배정표'!Q14)/HLOOKUP($A$5,Prj_list!$O$6:$Z$7,2))) -> - | M16: =IF(ISBLANK('2012 HR 배정표'!R14)=TRUE,"-",'2012 HR 배정표'!R14) -> - | N16: =IF(ISBLANK('2012 HR 배정표'!R14)=TRUE,"-",IF(ISERROR((HLOOKUP($A$5,Prj_list!$O$6:$Z$7,2)*'2012 HR 배정표'!S14)/HLOOKUP($A$5,Prj_list!$O$6:$Z$7,2))=TRUE,"-",(HLOOKUP($A$5,Prj_list!$O$6:$Z$7,2)*'2012 HR 배정표'!S14)/HLOOKUP($A$5,Prj_list!$O$6:$Z$7,2))) -> - | O16: =IF(ISBLANK('2012 HR 배정표'!T14)=TRUE,"-",'2012 HR 배정표'!T14) -> - | P16: =IF(ISBLANK('2012 HR 배정표'!T14)=TRUE,"-",IF(ISERROR((HLOOKUP($A$5,Prj_list!$O$6:$Z$7,2)*'2012 HR 배정표'!U14)/HLOOKUP($A$5,Prj_list!$O$6:$Z$7,2))=TRUE,"-",(HLOOKUP($A$5,Prj_list!$O$6:$Z$7,2)*'2012 HR 배정표'!U14)/HLOOKUP($A$5,Prj_list!$O$6:$Z$7,2))) -> - | Q16: =IF(ISBLANK('2012 HR 배정표'!V14)=TRUE,"-",'2012 HR 배정표'!V14) -> - | R16: =IF(ISBLANK('2012 HR 배정표'!V14)=TRUE,"-",IF(ISERROR((HLOOKUP($A$5,Prj_list!$O$6:$Z$7,2)*'2012 HR 배정표'!W14)/HLOOKUP($A$5,Prj_list!$O$6:$Z$7,2))=TRUE,"-",(HLOOKUP($A$5,Prj_list!$O$6:$Z$7,2)*'2012 HR 배정표'!W14)/HLOOKUP($A$5,Prj_list!$O$6:$Z$7,2))) -> - | S16: =IF(ISBLANK('2012 HR 배정표'!X14)=TRUE,"-",'2012 HR 배정표'!X14) -> - | T16: =IF(ISBLANK('2012 HR 배정표'!X14)=TRUE,"-",IF(ISERROR((HLOOKUP($A$5,Prj_list!$O$6:$Z$7,2)*'2012 HR 배정표'!Y14)/HLOOKUP($A$5,Prj_list!$O$6:$Z$7,2))=TRUE,"-",(HLOOKUP($A$5,Prj_list!$O$6:$Z$7,2)*'2012 HR 배정표'!Y14)/HLOOKUP($A$5,Prj_list!$O$6:$Z$7,2))) -> - | U16: =IF(ISBLANK('2012 HR 배정표'!Z14)=TRUE,"-",'2012 HR 배정표'!Z14) -> - | V16: =IF(ISBLANK('2012 HR 배정표'!Z14)=TRUE,"-",IF(ISERROR((HLOOKUP($A$5,Prj_list!$O$6:$Z$7,2)*'2012 HR 배정표'!AA14)/HLOOKUP($A$5,Prj_list!$O$6:$Z$7,2))=TRUE,"-",(HLOOKUP($A$5,Prj_list!$O$6:$Z$7,2)*'2012 HR 배정표'!AA14)/HLOOKUP($A$5,Prj_list!$O$6:$Z$7,2))) -> - | W16: =IF(ISBLANK('2012 HR 배정표'!AB14)=TRUE,"-",'2012 HR 배정표'!AB14) -> - | X16: =IF(ISBLANK('2012 HR 배정표'!AB14)=TRUE,"-",IF(ISERROR((HLOOKUP($A$5,Prj_list!$O$6:$Z$7,2)*'2012 HR 배정표'!AC14)/HLOOKUP($A$5,Prj_list!$O$6:$Z$7,2))=TRUE,"-",(HLOOKUP($A$5,Prj_list!$O$6:$Z$7,2)*'2012 HR 배정표'!AC14)/HLOOKUP($A$5,Prj_list!$O$6:$Z$7,2))) -> - | Y16: =IF(ISBLANK('2012 HR 배정표'!AD14)=TRUE,"-",'2012 HR 배정표'!AD14) -> - | Z16: =IF(ISBLANK('2012 HR 배정표'!AD14)=TRUE,"-",IF(ISERROR((HLOOKUP($A$5,Prj_list!$O$6:$Z$7,2)*'2012 HR 배정표'!AE14)/HLOOKUP($A$5,Prj_list!$O$6:$Z$7,2))=TRUE,"-",(HLOOKUP($A$5,Prj_list!$O$6:$Z$7,2)*'2012 HR 배정표'!AE14)/HLOOKUP($A$5,Prj_list!$O$6:$Z$7,2))) -> - | AA16: =IF(ISBLANK('2012 HR 배정표'!AF14)=TRUE,"-",'2012 HR 배정표'!AF14) -> - | AB16: =IF(ISBLANK('2012 HR 배정표'!AF14)=TRUE,"-",IF(ISERROR((HLOOKUP($A$5,Prj_list!$O$6:$Z$7,2)*'2012 HR 배정표'!AG14)/HLOOKUP($A$5,Prj_list!$O$6:$Z$7,2))=TRUE,"-",(HLOOKUP($A$5,Prj_list!$O$6:$Z$7,2)*'2012 HR 배정표'!AG14)/HLOOKUP($A$5,Prj_list!$O$6:$Z$7,2))) -> - | AC16: =IF(ISBLANK('2012 HR 배정표'!AH14)=TRUE,"-",'2012 HR 배정표'!AH14) -> - | AD16: =IF(ISBLANK('2012 HR 배정표'!AH14)=TRUE,"-",IF(ISERROR((HLOOKUP($A$5,Prj_list!$O$6:$Z$7,2)*'2012 HR 배정표'!AI14)/HLOOKUP($A$5,Prj_list!$O$6:$Z$7,2))=TRUE,"-",(HLOOKUP($A$5,Prj_list!$O$6:$Z$7,2)*'2012 HR 배정표'!AI14)/HLOOKUP($A$5,Prj_list!$O$6:$Z$7,2))) -> - | AE16: =IF(ISBLANK('2012 HR 배정표'!AJ14)=TRUE,"-",'2012 HR 배정표'!AJ14) -> - | AF16: =IF(ISBLANK('2012 HR 배정표'!AJ14)=TRUE,"-",IF(ISERROR((HLOOKUP($A$5,Prj_list!$O$6:$Z$7,2)*'2012 HR 배정표'!AK14)/HLOOKUP($A$5,Prj_list!$O$6:$Z$7,2))=TRUE,"-",(HLOOKUP($A$5,Prj_list!$O$6:$Z$7,2)*'2012 HR 배정표'!AK14)/HLOOKUP($A$5,Prj_list!$O$6:$Z$7,2))) -> - | AG16: =IF(ISBLANK('2012 HR 배정표'!AL14)=TRUE,"-",'2012 HR 배정표'!AL14) -> - | AH16: =IF(ISBLANK('2012 HR 배정표'!AL14)=TRUE,"-",IF(ISERROR((HLOOKUP($A$5,Prj_list!$O$6:$Z$7,2)*'2012 HR 배정표'!AM14)/HLOOKUP($A$5,Prj_list!$O$6:$Z$7,2))=TRUE,"-",(HLOOKUP($A$5,Prj_list!$O$6:$Z$7,2)*'2012 HR 배정표'!AM14)/HLOOKUP($A$5,Prj_list!$O$6:$Z$7,2))) -> - | AI16: =IF(ISBLANK('2012 HR 배정표'!AN14)=TRUE,"-",'2012 HR 배정표'!AN14) -> - | AJ16: =IF(ISBLANK('2012 HR 배정표'!AN14)=TRUE,"-",IF(ISERROR((HLOOKUP($A$5,Prj_list!$O$6:$Z$7,2)*'2012 HR 배정표'!AO14)/HLOOKUP($A$5,Prj_list!$O$6:$Z$7,2))=TRUE,"-",(HLOOKUP($A$5,Prj_list!$O$6:$Z$7,2)*'2012 HR 배정표'!AO14)/HLOOKUP($A$5,Prj_list!$O$6:$Z$7,2))) -> - | AK16: =IF(ISBLANK('2012 HR 배정표'!AP14)=TRUE,"-",'2012 HR 배정표'!AP14) -> - | AL16: =IF(ISBLANK('2012 HR 배정표'!AP14)=TRUE,"-",IF(ISERROR((HLOOKUP($A$5,Prj_list!$O$6:$Z$7,2)*'2012 HR 배정표'!AQ14)/HLOOKUP($A$5,Prj_list!$O$6:$Z$7,2))=TRUE,"-",(HLOOKUP($A$5,Prj_list!$O$6:$Z$7,2)*'2012 HR 배정표'!AQ14)/HLOOKUP($A$5,Prj_list!$O$6:$Z$7,2))) -> - | AM16: =IF(ISBLANK('2012 HR 배정표'!AR14)=TRUE,"-",'2012 HR 배정표'!AR14) -> - | AN16: =IF(ISBLANK('2012 HR 배정표'!AR14)=TRUE,"-",IF(ISERROR((HLOOKUP($A$5,Prj_list!$O$6:$Z$7,2)*'2012 HR 배정표'!AS14)/HLOOKUP($A$5,Prj_list!$O$6:$Z$7,2))=TRUE,"-",(HLOOKUP($A$5,Prj_list!$O$6:$Z$7,2)*'2012 HR 배정표'!AS14)/HLOOKUP($A$5,Prj_list!$O$6:$Z$7,2))) -> - | AO16: =IF(ISBLANK('2012 HR 배정표'!AT14)=TRUE,"-",'2012 HR 배정표'!AT14) -> - | AP16: =IF(ISBLANK('2012 HR 배정표'!AT14)=TRUE,"-",IF(ISERROR((HLOOKUP($A$5,Prj_list!$O$6:$Z$7,2)*'2012 HR 배정표'!AU14)/HLOOKUP($A$5,Prj_list!$O$6:$Z$7,2))=TRUE,"-",(HLOOKUP($A$5,Prj_list!$O$6:$Z$7,2)*'2012 HR 배정표'!AU14)/HLOOKUP($A$5,Prj_list!$O$6:$Z$7,2))) -> - | AQ16: =IF(ISBLANK('2012 HR 배정표'!AV14)=TRUE,"-",'2012 HR 배정표'!AV14) -> - | AR16: =IF(ISBLANK('2012 HR 배정표'!AV14)=TRUE,"-",IF(ISERROR((HLOOKUP($A$5,Prj_list!$O$6:$Z$7,2)*'2012 HR 배정표'!AW14)/HLOOKUP($A$5,Prj_list!$O$6:$Z$7,2))=TRUE,"-",(HLOOKUP($A$5,Prj_list!$O$6:$Z$7,2)*'2012 HR 배정표'!AW14)/HLOOKUP($A$5,Prj_list!$O$6:$Z$7,2))) -> - | AS16: =IF(ISBLANK('2012 HR 배정표'!AX14)=TRUE,"-",'2012 HR 배정표'!AX14) -> - | AT16: =IF(ISBLANK('2012 HR 배정표'!AX14)=TRUE,"-",IF(ISERROR((HLOOKUP($A$5,Prj_list!$O$6:$Z$7,2)*'2012 HR 배정표'!AY14)/HLOOKUP($A$5,Prj_list!$O$6:$Z$7,2))=TRUE,"-",(HLOOKUP($A$5,Prj_list!$O$6:$Z$7,2)*'2012 HR 배정표'!AY14)/HLOOKUP($A$5,Prj_list!$O$6:$Z$7,2))) -> - | AU16: =IF(ISBLANK('2012 HR 배정표'!AZ14)=TRUE,"-",'2012 HR 배정표'!AZ14) -> - | AV16: =IF(ISBLANK('2012 HR 배정표'!AZ14)=TRUE,"-",IF(ISERROR((HLOOKUP($A$5,Prj_list!$O$6:$Z$7,2)*'2012 HR 배정표'!BA14)/HLOOKUP($A$5,Prj_list!$O$6:$Z$7,2))=TRUE,"-",(HLOOKUP($A$5,Prj_list!$O$6:$Z$7,2)*'2012 HR 배정표'!BA14)/HLOOKUP($A$5,Prj_list!$O$6:$Z$7,2))) -> - | AW16: =IF(COUNTIF(A16:AV16,"-")=48,"",SUMPRODUCT(N(MOD(COLUMN(A16:AV16),2)=1),A16:AV16)/((48-COUNTIF(A16:AV16,"-"))/2)) | AX16: =SUMPRODUCT(N(MOD(COLUMN(A16:AV16),2)=0),A16:AV16) -> 0
A17: =IF(ISBLANK('2012 HR 배정표'!F15)=TRUE,"-",'2012 HR 배정표'!F15) -> - | B17: =IF(ISBLANK('2012 HR 배정표'!F15)=TRUE,"-",IF(ISERROR((HLOOKUP($A$5,Prj_list!$O$6:$Z$7,2)*'2012 HR 배정표'!G15)/HLOOKUP($A$5,Prj_list!$O$6:$Z$7,2))=TRUE,"-",(HLOOKUP($A$5,Prj_list!$O$6:$Z$7,2)*'2012 HR 배정표'!G15)/HLOOKUP($A$5,Prj_list!$O$6:$Z$7,2))) -> - | C17: =IF(ISBLANK('2012 HR 배정표'!H15)=TRUE,"-",'2012 HR 배정표'!H15) -> - | D17: =IF(ISBLANK('2012 HR 배정표'!H15)=TRUE,"-",IF(ISERROR((HLOOKUP($A$5,Prj_list!$O$6:$Z$7,2)*'2012 HR 배정표'!I15)/HLOOKUP($A$5,Prj_list!$O$6:$Z$7,2))=TRUE,"-",(HLOOKUP($A$5,Prj_list!$O$6:$Z$7,2)*'2012 HR 배정표'!I15)/HLOOKUP($A$5,Prj_list!$O$6:$Z$7,2))) -> - | E17: =IF(ISBLANK('2012 HR 배정표'!J15)=TRUE,"-",'2012 HR 배정표'!J15) -> - | F17: =IF(ISBLANK('2012 HR 배정표'!J15)=TRUE,"-",IF(ISERROR((HLOOKUP($A$5,Prj_list!$O$6:$Z$7,2)*'2012 HR 배정표'!K15)/HLOOKUP($A$5,Prj_list!$O$6:$Z$7,2))=TRUE,"-",(HLOOKUP($A$5,Prj_list!$O$6:$Z$7,2)*'2012 HR 배정표'!K15)/HLOOKUP($A$5,Prj_list!$O$6:$Z$7,2))) -> - | G17: =IF(ISBLANK('2012 HR 배정표'!L15)=TRUE,"-",'2012 HR 배정표'!L15) -> 2 | H17: =IF(ISBLANK('2012 HR 배정표'!L15)=TRUE,"-",IF(ISERROR((HLOOKUP($A$5,Prj_list!$O$6:$Z$7,2)*'2012 HR 배정표'!M15)/HLOOKUP($A$5,Prj_list!$O$6:$Z$7,2))=TRUE,"-",(HLOOKUP($A$5,Prj_list!$O$6:$Z$7,2)*'2012 HR 배정표'!M15)/HLOOKUP($A$5,Prj_list!$O$6:$Z$7,2))) -> 0.25 | I17: =IF(ISBLANK('2012 HR 배정표'!N15)=TRUE,"-",'2012 HR 배정표'!N15) -> 2 | J17: =IF(ISBLANK('2012 HR 배정표'!N15)=TRUE,"-",IF(ISERROR((HLOOKUP($A$5,Prj_list!$O$6:$Z$7,2)*'2012 HR 배정표'!O15)/HLOOKUP($A$5,Prj_list!$O$6:$Z$7,2))=TRUE,"-",(HLOOKUP($A$5,Prj_list!$O$6:$Z$7,2)*'2012 HR 배정표'!O15)/HLOOKUP($A$5,Prj_list!$O$6:$Z$7,2))) -> 0.25 | K17: =IF(ISBLANK('2012 HR 배정표'!P15)=TRUE,"-",'2012 HR 배정표'!P15) -> - | L17: =IF(ISBLANK('2012 HR 배정표'!P15)=TRUE,"-",IF(ISERROR((HLOOKUP($A$5,Prj_list!$O$6:$Z$7,2)*'2012 HR 배정표'!Q15)/HLOOKUP($A$5,Prj_list!$O$6:$Z$7,2))=TRUE,"-",(HLOOKUP($A$5,Prj_list!$O$6:$Z$7,2)*'2012 HR 배정표'!Q15)/HLOOKUP($A$5,Prj_list!$O$6:$Z$7,2))) -> - | M17: =IF(ISBLANK('2012 HR 배정표'!R15)=TRUE,"-",'2012 HR 배정표'!R15) -> - | N17: =IF(ISBLANK('2012 HR 배정표'!R15)=TRUE,"-",IF(ISERROR((HLOOKUP($A$5,Prj_list!$O$6:$Z$7,2)*'2012 HR 배정표'!S15)/HLOOKUP($A$5,Prj_list!$O$6:$Z$7,2))=TRUE,"-",(HLOOKUP($A$5,Prj_list!$O$6:$Z$7,2)*'2012 HR 배정표'!S15)/HLOOKUP($A$5,Prj_list!$O$6:$Z$7,2))) -> - | O17: =IF(ISBLANK('2012 HR 배정표'!T15)=TRUE,"-",'2012 HR 배정표'!T15) -> - | P17: =IF(ISBLANK('2012 HR 배정표'!T15)=TRUE,"-",IF(ISERROR((HLOOKUP($A$5,Prj_list!$O$6:$Z$7,2)*'2012 HR 배정표'!U15)/HLOOKUP($A$5,Prj_list!$O$6:$Z$7,2))=TRUE,"-",(HLOOKUP($A$5,Prj_list!$O$6:$Z$7,2)*'2012 HR 배정표'!U15)/HLOOKUP($A$5,Prj_list!$O$6:$Z$7,2))) -> - | Q17: =IF(ISBLANK('2012 HR 배정표'!V15)=TRUE,"-",'2012 HR 배정표'!V15) -> - | R17: =IF(ISBLANK('2012 HR 배정표'!V15)=TRUE,"-",IF(ISERROR((HLOOKUP($A$5,Prj_list!$O$6:$Z$7,2)*'2012 HR 배정표'!W15)/HLOOKUP($A$5,Prj_list!$O$6:$Z$7,2))=TRUE,"-",(HLOOKUP($A$5,Prj_list!$O$6:$Z$7,2)*'2012 HR 배정표'!W15)/HLOOKUP($A$5,Prj_list!$O$6:$Z$7,2))) -> - | S17: =IF(ISBLANK('2012 HR 배정표'!X15)=TRUE,"-",'2012 HR 배정표'!X15) -> - | T17: =IF(ISBLANK('2012 HR 배정표'!X15)=TRUE,"-",IF(ISERROR((HLOOKUP($A$5,Prj_list!$O$6:$Z$7,2)*'2012 HR 배정표'!Y15)/HLOOKUP($A$5,Prj_list!$O$6:$Z$7,2))=TRUE,"-",(HLOOKUP($A$5,Prj_list!$O$6:$Z$7,2)*'2012 HR 배정표'!Y15)/HLOOKUP($A$5,Prj_list!$O$6:$Z$7,2))) -> - | U17: =IF(ISBLANK('2012 HR 배정표'!Z15)=TRUE,"-",'2012 HR 배정표'!Z15) -> - | V17: =IF(ISBLANK('2012 HR 배정표'!Z15)=TRUE,"-",IF(ISERROR((HLOOKUP($A$5,Prj_list!$O$6:$Z$7,2)*'2012 HR 배정표'!AA15)/HLOOKUP($A$5,Prj_list!$O$6:$Z$7,2))=TRUE,"-",(HLOOKUP($A$5,Prj_list!$O$6:$Z$7,2)*'2012 HR 배정표'!AA15)/HLOOKUP($A$5,Prj_list!$O$6:$Z$7,2))) -> - | W17: =IF(ISBLANK('2012 HR 배정표'!AB15)=TRUE,"-",'2012 HR 배정표'!AB15) -> - | X17: =IF(ISBLANK('2012 HR 배정표'!AB15)=TRUE,"-",IF(ISERROR((HLOOKUP($A$5,Prj_list!$O$6:$Z$7,2)*'2012 HR 배정표'!AC15)/HLOOKUP($A$5,Prj_list!$O$6:$Z$7,2))=TRUE,"-",(HLOOKUP($A$5,Prj_list!$O$6:$Z$7,2)*'2012 HR 배정표'!AC15)/HLOOKUP($A$5,Prj_list!$O$6:$Z$7,2))) -> - | Y17: =IF(ISBLANK('2012 HR 배정표'!AD15)=TRUE,"-",'2012 HR 배정표'!AD15) -> - | Z17: =IF(ISBLANK('2012 HR 배정표'!AD15)=TRUE,"-",IF(ISERROR((HLOOKUP($A$5,Prj_list!$O$6:$Z$7,2)*'2012 HR 배정표'!AE15)/HLOOKUP($A$5,Prj_list!$O$6:$Z$7,2))=TRUE,"-",(HLOOKUP($A$5,Prj_list!$O$6:$Z$7,2)*'2012 HR 배정표'!AE15)/HLOOKUP($A$5,Prj_list!$O$6:$Z$7,2))) -> - | AA17: =IF(ISBLANK('2012 HR 배정표'!AF15)=TRUE,"-",'2012 HR 배정표'!AF15) -> - | AB17: =IF(ISBLANK('2012 HR 배정표'!AF15)=TRUE,"-",IF(ISERROR((HLOOKUP($A$5,Prj_list!$O$6:$Z$7,2)*'2012 HR 배정표'!AG15)/HLOOKUP($A$5,Prj_list!$O$6:$Z$7,2))=TRUE,"-",(HLOOKUP($A$5,Prj_list!$O$6:$Z$7,2)*'2012 HR 배정표'!AG15)/HLOOKUP($A$5,Prj_list!$O$6:$Z$7,2))) -> - | AC17: =IF(ISBLANK('2012 HR 배정표'!AH15)=TRUE,"-",'2012 HR 배정표'!AH15) -> - | AD17: =IF(ISBLANK('2012 HR 배정표'!AH15)=TRUE,"-",IF(ISERROR((HLOOKUP($A$5,Prj_list!$O$6:$Z$7,2)*'2012 HR 배정표'!AI15)/HLOOKUP($A$5,Prj_list!$O$6:$Z$7,2))=TRUE,"-",(HLOOKUP($A$5,Prj_list!$O$6:$Z$7,2)*'2012 HR 배정표'!AI15)/HLOOKUP($A$5,Prj_list!$O$6:$Z$7,2))) -> - | AE17: =IF(ISBLANK('2012 HR 배정표'!AJ15)=TRUE,"-",'2012 HR 배정표'!AJ15) -> - | AF17: =IF(ISBLANK('2012 HR 배정표'!AJ15)=TRUE,"-",IF(ISERROR((HLOOKUP($A$5,Prj_list!$O$6:$Z$7,2)*'2012 HR 배정표'!AK15)/HLOOKUP($A$5,Prj_list!$O$6:$Z$7,2))=TRUE,"-",(HLOOKUP($A$5,Prj_list!$O$6:$Z$7,2)*'2012 HR 배정표'!AK15)/HLOOKUP($A$5,Prj_list!$O$6:$Z$7,2))) -> - | AG17: =IF(ISBLANK('2012 HR 배정표'!AL15)=TRUE,"-",'2012 HR 배정표'!AL15) -> - | AH17: =IF(ISBLANK('2012 HR 배정표'!AL15)=TRUE,"-",IF(ISERROR((HLOOKUP($A$5,Prj_list!$O$6:$Z$7,2)*'2012 HR 배정표'!AM15)/HLOOKUP($A$5,Prj_list!$O$6:$Z$7,2))=TRUE,"-",(HLOOKUP($A$5,Prj_list!$O$6:$Z$7,2)*'2012 HR 배정표'!AM15)/HLOOKUP($A$5,Prj_list!$O$6:$Z$7,2))) -> - | AI17: =IF(ISBLANK('2012 HR 배정표'!AN15)=TRUE,"-",'2012 HR 배정표'!AN15) -> - | AJ17: =IF(ISBLANK('2012 HR 배정표'!AN15)=TRUE,"-",IF(ISERROR((HLOOKUP($A$5,Prj_list!$O$6:$Z$7,2)*'2012 HR 배정표'!AO15)/HLOOKUP($A$5,Prj_list!$O$6:$Z$7,2))=TRUE,"-",(HLOOKUP($A$5,Prj_list!$O$6:$Z$7,2)*'2012 HR 배정표'!AO15)/HLOOKUP($A$5,Prj_list!$O$6:$Z$7,2))) -> - | AK17: =IF(ISBLANK('2012 HR 배정표'!AP15)=TRUE,"-",'2012 HR 배정표'!AP15) -> - | AL17: =IF(ISBLANK('2012 HR 배정표'!AP15)=TRUE,"-",IF(ISERROR((HLOOKUP($A$5,Prj_list!$O$6:$Z$7,2)*'2012 HR 배정표'!AQ15)/HLOOKUP($A$5,Prj_list!$O$6:$Z$7,2))=TRUE,"-",(HLOOKUP($A$5,Prj_list!$O$6:$Z$7,2)*'2012 HR 배정표'!AQ15)/HLOOKUP($A$5,Prj_list!$O$6:$Z$7,2))) -> - | AM17: =IF(ISBLANK('2012 HR 배정표'!AR15)=TRUE,"-",'2012 HR 배정표'!AR15) -> - | AN17: =IF(ISBLANK('2012 HR 배정표'!AR15)=TRUE,"-",IF(ISERROR((HLOOKUP($A$5,Prj_list!$O$6:$Z$7,2)*'2012 HR 배정표'!AS15)/HLOOKUP($A$5,Prj_list!$O$6:$Z$7,2))=TRUE,"-",(HLOOKUP($A$5,Prj_list!$O$6:$Z$7,2)*'2012 HR 배정표'!AS15)/HLOOKUP($A$5,Prj_list!$O$6:$Z$7,2))) -> - | AO17: =IF(ISBLANK('2012 HR 배정표'!AT15)=TRUE,"-",'2012 HR 배정표'!AT15) -> - | AP17: =IF(ISBLANK('2012 HR 배정표'!AT15)=TRUE,"-",IF(ISERROR((HLOOKUP($A$5,Prj_list!$O$6:$Z$7,2)*'2012 HR 배정표'!AU15)/HLOOKUP($A$5,Prj_list!$O$6:$Z$7,2))=TRUE,"-",(HLOOKUP($A$5,Prj_list!$O$6:$Z$7,2)*'2012 HR 배정표'!AU15)/HLOOKUP($A$5,Prj_list!$O$6:$Z$7,2))) -> - | AQ17: =IF(ISBLANK('2012 HR 배정표'!AV15)=TRUE,"-",'2012 HR 배정표'!AV15) -> - | AR17: =IF(ISBLANK('2012 HR 배정표'!AV15)=TRUE,"-",IF(ISERROR((HLOOKUP($A$5,Prj_list!$O$6:$Z$7,2)*'2012 HR 배정표'!AW15)/HLOOKUP($A$5,Prj_list!$O$6:$Z$7,2))=TRUE,"-",(HLOOKUP($A$5,Prj_list!$O$6:$Z$7,2)*'2012 HR 배정표'!AW15)/HLOOKUP($A$5,Prj_list!$O$6:$Z$7,2))) -> - | AS17: =IF(ISBLANK('2012 HR 배정표'!AX15)=TRUE,"-",'2012 HR 배정표'!AX15) -> - | AT17: =IF(ISBLANK('2012 HR 배정표'!AX15)=TRUE,"-",IF(ISERROR((HLOOKUP($A$5,Prj_list!$O$6:$Z$7,2)*'2012 HR 배정표'!AY15)/HLOOKUP($A$5,Prj_list!$O$6:$Z$7,2))=TRUE,"-",(HLOOKUP($A$5,Prj_list!$O$6:$Z$7,2)*'2012 HR 배정표'!AY15)/HLOOKUP($A$5,Prj_list!$O$6:$Z$7,2))) -> - | AU17: =IF(ISBLANK('2012 HR 배정표'!AZ15)=TRUE,"-",'2012 HR 배정표'!AZ15) -> - | AV17: =IF(ISBLANK('2012 HR 배정표'!AZ15)=TRUE,"-",IF(ISERROR((HLOOKUP($A$5,Prj_list!$O$6:$Z$7,2)*'2012 HR 배정표'!BA15)/HLOOKUP($A$5,Prj_list!$O$6:$Z$7,2))=TRUE,"-",(HLOOKUP($A$5,Prj_list!$O$6:$Z$7,2)*'2012 HR 배정표'!BA15)/HLOOKUP($A$5,Prj_list!$O$6:$Z$7,2))) -> - | AW17: =IF(COUNTIF(A17:AV17,"-")=48,"",SUMPRODUCT(N(MOD(COLUMN(A17:AV17),2)=1),A17:AV17)/((48-COUNTIF(A17:AV17,"-"))/2)) -> 2 | AX17: =SUMPRODUCT(N(MOD(COLUMN(A17:AV17),2)=0),A17:AV17) -> 0.5
A18: =IF(ISBLANK('2012 HR 배정표'!F16)=TRUE,"-",'2012 HR 배정표'!F16) -> - | B18: =IF(ISBLANK('2012 HR 배정표'!F16)=TRUE,"-",IF(ISERROR((HLOOKUP($A$5,Prj_list!$O$6:$Z$7,2)*'2012 HR 배정표'!G16)/HLOOKUP($A$5,Prj_list!$O$6:$Z$7,2))=TRUE,"-",(HLOOKUP($A$5,Prj_list!$O$6:$Z$7,2)*'2012 HR 배정표'!G16)/HLOOKUP($A$5,Prj_list!$O$6:$Z$7,2))) -> - | C18: =IF(ISBLANK('2012 HR 배정표'!H16)=TRUE,"-",'2012 HR 배정표'!H16) -> - | D18: =IF(ISBLANK('2012 HR 배정표'!H16)=TRUE,"-",IF(ISERROR((HLOOKUP($A$5,Prj_list!$O$6:$Z$7,2)*'2012 HR 배정표'!I16)/HLOOKUP($A$5,Prj_list!$O$6:$Z$7,2))=TRUE,"-",(HLOOKUP($A$5,Prj_list!$O$6:$Z$7,2)*'2012 HR 배정표'!I16)/HLOOKUP($A$5,Prj_list!$O$6:$Z$7,2))) -> - | E18: =IF(ISBLANK('2012 HR 배정표'!J16)=TRUE,"-",'2012 HR 배정표'!J16) -> - | F18: =IF(ISBLANK('2012 HR 배정표'!J16)=TRUE,"-",IF(ISERROR((HLOOKUP($A$5,Prj_list!$O$6:$Z$7,2)*'2012 HR 배정표'!K16)/HLOOKUP($A$5,Prj_list!$O$6:$Z$7,2))=TRUE,"-",(HLOOKUP($A$5,Prj_list!$O$6:$Z$7,2)*'2012 HR 배정표'!K16)/HLOOKUP($A$5,Prj_list!$O$6:$Z$7,2))) -> - | G18: =IF(ISBLANK('2012 HR 배정표'!L16)=TRUE,"-",'2012 HR 배정표'!L16) -> - | H18: =IF(ISBLANK('2012 HR 배정표'!L16)=TRUE,"-",IF(ISERROR((HLOOKUP($A$5,Prj_list!$O$6:$Z$7,2)*'2012 HR 배정표'!M16)/HLOOKUP($A$5,Prj_list!$O$6:$Z$7,2))=TRUE,"-",(HLOOKUP($A$5,Prj_list!$O$6:$Z$7,2)*'2012 HR 배정표'!M16)/HLOOKUP($A$5,Prj_list!$O$6:$Z$7,2))) -> - | I18: =IF(ISBLANK('2012 HR 배정표'!N16)=TRUE,"-",'2012 HR 배정표'!N16) -> - | J18: =IF(ISBLANK('2012 HR 배정표'!N16)=TRUE,"-",IF(ISERROR((HLOOKUP($A$5,Prj_list!$O$6:$Z$7,2)*'2012 HR 배정표'!O16)/HLOOKUP($A$5,Prj_list!$O$6:$Z$7,2))=TRUE,"-",(HLOOKUP($A$5,Prj_list!$O$6:$Z$7,2)*'2012 HR 배정표'!O16)/HLOOKUP($A$5,Prj_list!$O$6:$Z$7,2))) -> - | K18: =IF(ISBLANK('2012 HR 배정표'!P16)=TRUE,"-",'2012 HR 배정표'!P16) -> - | L18: =IF(ISBLANK('2012 HR 배정표'!P16)=TRUE,"-",IF(ISERROR((HLOOKUP($A$5,Prj_list!$O$6:$Z$7,2)*'2012 HR 배정표'!Q16)/HLOOKUP($A$5,Prj_list!$O$6:$Z$7,2))=TRUE,"-",(HLOOKUP($A$5,Prj_list!$O$6:$Z$7,2)*'2012 HR 배정표'!Q16)/HLOOKUP($A$5,Prj_list!$O$6:$Z$7,2))) -> - | M18: =IF(ISBLANK('2012 HR 배정표'!R16)=TRUE,"-",'2012 HR 배정표'!R16) -> - | N18: =IF(ISBLANK('2012 HR 배정표'!R16)=TRUE,"-",IF(ISERROR((HLOOKUP($A$5,Prj_list!$O$6:$Z$7,2)*'2012 HR 배정표'!S16)/HLOOKUP($A$5,Prj_list!$O$6:$Z$7,2))=TRUE,"-",(HLOOKUP($A$5,Prj_list!$O$6:$Z$7,2)*'2012 HR 배정표'!S16)/HLOOKUP($A$5,Prj_list!$O$6:$Z$7,2))) -> - | O18: =IF(ISBLANK('2012 HR 배정표'!T16)=TRUE,"-",'2012 HR 배정표'!T16) -> - | P18: =IF(ISBLANK('2012 HR 배정표'!T16)=TRUE,"-",IF(ISERROR((HLOOKUP($A$5,Prj_list!$O$6:$Z$7,2)*'2012 HR 배정표'!U16)/HLOOKUP($A$5,Prj_list!$O$6:$Z$7,2))=TRUE,"-",(HLOOKUP($A$5,Prj_list!$O$6:$Z$7,2)*'2012 HR 배정표'!U16)/HLOOKUP($A$5,Prj_list!$O$6:$Z$7,2))) -> - | Q18: =IF(ISBLANK('2012 HR 배정표'!V16)=TRUE,"-",'2012 HR 배정표'!V16) -> - | R18: =IF(ISBLANK('2012 HR 배정표'!V16)=TRUE,"-",IF(ISERROR((HLOOKUP($A$5,Prj_list!$O$6:$Z$7,2)*'2012 HR 배정표'!W16)/HLOOKUP($A$5,Prj_list!$O$6:$Z$7,2))=TRUE,"-",(HLOOKUP($A$5,Prj_list!$O$6:$Z$7,2)*'2012 HR 배정표'!W16)/HLOOKUP($A$5,Prj_list!$O$6:$Z$7,2))) -> - | S18: =IF(ISBLANK('2012 HR 배정표'!X16)=TRUE,"-",'2012 HR 배정표'!X16) -> - | T18: =IF(ISBLANK('2012 HR 배정표'!X16)=TRUE,"-",IF(ISERROR((HLOOKUP($A$5,Prj_list!$O$6:$Z$7,2)*'2012 HR 배정표'!Y16)/HLOOKUP($A$5,Prj_list!$O$6:$Z$7,2))=TRUE,"-",(HLOOKUP($A$5,Prj_list!$O$6:$Z$7,2)*'2012 HR 배정표'!Y16)/HLOOKUP($A$5,Prj_list!$O$6:$Z$7,2))) -> - | U18: =IF(ISBLANK('2012 HR 배정표'!Z16)=TRUE,"-",'2012 HR 배정표'!Z16) -> - | V18: =IF(ISBLANK('2012 HR 배정표'!Z16)=TRUE,"-",IF(ISERROR((HLOOKUP($A$5,Prj_list!$O$6:$Z$7,2)*'2012 HR 배정표'!AA16)/HLOOKUP($A$5,Prj_list!$O$6:$Z$7,2))=TRUE,"-",(HLOOKUP($A$5,Prj_list!$O$6:$Z$7,2)*'2012 HR 배정표'!AA16)/HLOOKUP($A$5,Prj_list!$O$6:$Z$7,2))) -> - | W18: =IF(ISBLANK('2012 HR 배정표'!AB16)=TRUE,"-",'2012 HR 배정표'!AB16) -> - | X18: =IF(ISBLANK('2012 HR 배정표'!AB16)=TRUE,"-",IF(ISERROR((HLOOKUP($A$5,Prj_list!$O$6:$Z$7,2)*'2012 HR 배정표'!AC16)/HLOOKUP($A$5,Prj_list!$O$6:$Z$7,2))=TRUE,"-",(HLOOKUP($A$5,Prj_list!$O$6:$Z$7,2)*'2012 HR 배정표'!AC16)/HLOOKUP($A$5,Prj_list!$O$6:$Z$7,2))) -> - | Y18: =IF(ISBLANK('2012 HR 배정표'!AD16)=TRUE,"-",'2012 HR 배정표'!AD16) -> - | Z18: =IF(ISBLANK('2012 HR 배정표'!AD16)=TRUE,"-",IF(ISERROR((HLOOKUP($A$5,Prj_list!$O$6:$Z$7,2)*'2012 HR 배정표'!AE16)/HLOOKUP($A$5,Prj_list!$O$6:$Z$7,2))=TRUE,"-",(HLOOKUP($A$5,Prj_list!$O$6:$Z$7,2)*'2012 HR 배정표'!AE16)/HLOOKUP($A$5,Prj_list!$O$6:$Z$7,2))) -> - | AA18: =IF(ISBLANK('2012 HR 배정표'!AF16)=TRUE,"-",'2012 HR 배정표'!AF16) -> - | AB18: =IF(ISBLANK('2012 HR 배정표'!AF16)=TRUE,"-",IF(ISERROR((HLOOKUP($A$5,Prj_list!$O$6:$Z$7,2)*'2012 HR 배정표'!AG16)/HLOOKUP($A$5,Prj_list!$O$6:$Z$7,2))=TRUE,"-",(HLOOKUP($A$5,Prj_list!$O$6:$Z$7,2)*'2012 HR 배정표'!AG16)/HLOOKUP($A$5,Prj_list!$O$6:$Z$7,2))) -> - | AC18: =IF(ISBLANK('2012 HR 배정표'!AH16)=TRUE,"-",'2012 HR 배정표'!AH16) -> - | AD18: =IF(ISBLANK('2012 HR 배정표'!AH16)=TRUE,"-",IF(ISERROR((HLOOKUP($A$5,Prj_list!$O$6:$Z$7,2)*'2012 HR 배정표'!AI16)/HLOOKUP($A$5,Prj_list!$O$6:$Z$7,2))=TRUE,"-",(HLOOKUP($A$5,Prj_list!$O$6:$Z$7,2)*'2012 HR 배정표'!AI16)/HLOOKUP($A$5,Prj_list!$O$6:$Z$7,2))) -> - | AE18: =IF(ISBLANK('2012 HR 배정표'!AJ16)=TRUE,"-",'2012 HR 배정표'!AJ16) -> - | AF18: =IF(ISBLANK('2012 HR 배정표'!AJ16)=TRUE,"-",IF(ISERROR((HLOOKUP($A$5,Prj_list!$O$6:$Z$7,2)*'2012 HR 배정표'!AK16)/HLOOKUP($A$5,Prj_list!$O$6:$Z$7,2))=TRUE,"-",(HLOOKUP($A$5,Prj_list!$O$6:$Z$7,2)*'2012 HR 배정표'!AK16)/HLOOKUP($A$5,Prj_list!$O$6:$Z$7,2))) -> - | AG18: =IF(ISBLANK('2012 HR 배정표'!AL16)=TRUE,"-",'2012 HR 배정표'!AL16) -> - | AH18: =IF(ISBLANK('2012 HR 배정표'!AL16)=TRUE,"-",IF(ISERROR((HLOOKUP($A$5,Prj_list!$O$6:$Z$7,2)*'2012 HR 배정표'!AM16)/HLOOKUP($A$5,Prj_list!$O$6:$Z$7,2))=TRUE,"-",(HLOOKUP($A$5,Prj_list!$O$6:$Z$7,2)*'2012 HR 배정표'!AM16)/HLOOKUP($A$5,Prj_list!$O$6:$Z$7,2))) -> - | AI18: =IF(ISBLANK('2012 HR 배정표'!AN16)=TRUE,"-",'2012 HR 배정표'!AN16) -> - | AJ18: =IF(ISBLANK('2012 HR 배정표'!AN16)=TRUE,"-",IF(ISERROR((HLOOKUP($A$5,Prj_list!$O$6:$Z$7,2)*'2012 HR 배정표'!AO16)/HLOOKUP($A$5,Prj_list!$O$6:$Z$7,2))=TRUE,"-",(HLOOKUP($A$5,Prj_list!$O$6:$Z$7,2)*'2012 HR 배정표'!AO16)/HLOOKUP($A$5,Prj_list!$O$6:$Z$7,2))) -> - | AK18: =IF(ISBLANK('2012 HR 배정표'!AP16)=TRUE,"-",'2012 HR 배정표'!AP16) -> - | AL18: =IF(ISBLANK('2012 HR 배정표'!AP16)=TRUE,"-",IF(ISERROR((HLOOKUP($A$5,Prj_list!$O$6:$Z$7,2)*'2012 HR 배정표'!AQ16)/HLOOKUP($A$5,Prj_list!$O$6:$Z$7,2))=TRUE,"-",(HLOOKUP($A$5,Prj_list!$O$6:$Z$7,2)*'2012 HR 배정표'!AQ16)/HLOOKUP($A$5,Prj_list!$O$6:$Z$7,2))) -> - | AM18: =IF(ISBLANK('2012 HR 배정표'!AR16)=TRUE,"-",'2012 HR 배정표'!AR16) -> - | AN18: =IF(ISBLANK('2012 HR 배정표'!AR16)=TRUE,"-",IF(ISERROR((HLOOKUP($A$5,Prj_list!$O$6:$Z$7,2)*'2012 HR 배정표'!AS16)/HLOOKUP($A$5,Prj_list!$O$6:$Z$7,2))=TRUE,"-",(HLOOKUP($A$5,Prj_list!$O$6:$Z$7,2)*'2012 HR 배정표'!AS16)/HLOOKUP($A$5,Prj_list!$O$6:$Z$7,2))) -> - | AO18: =IF(ISBLANK('2012 HR 배정표'!AT16)=TRUE,"-",'2012 HR 배정표'!AT16) -> - | AP18: =IF(ISBLANK('2012 HR 배정표'!AT16)=TRUE,"-",IF(ISERROR((HLOOKUP($A$5,Prj_list!$O$6:$Z$7,2)*'2012 HR 배정표'!AU16)/HLOOKUP($A$5,Prj_list!$O$6:$Z$7,2))=TRUE,"-",(HLOOKUP($A$5,Prj_list!$O$6:$Z$7,2)*'2012 HR 배정표'!AU16)/HLOOKUP($A$5,Prj_list!$O$6:$Z$7,2))) -> - | AQ18: =IF(ISBLANK('2012 HR 배정표'!AV16)=TRUE,"-",'2012 HR 배정표'!AV16) -> - | AR18: =IF(ISBLANK('2012 HR 배정표'!AV16)=TRUE,"-",IF(ISERROR((HLOOKUP($A$5,Prj_list!$O$6:$Z$7,2)*'2012 HR 배정표'!AW16)/HLOOKUP($A$5,Prj_list!$O$6:$Z$7,2))=TRUE,"-",(HLOOKUP($A$5,Prj_list!$O$6:$Z$7,2)*'2012 HR 배정표'!AW16)/HLOOKUP($A$5,Prj_list!$O$6:$Z$7,2))) -> - | AS18: =IF(ISBLANK('2012 HR 배정표'!AX16)=TRUE,"-",'2012 HR 배정표'!AX16) -> - | AT18: =IF(ISBLANK('2012 HR 배정표'!AX16)=TRUE,"-",IF(ISERROR((HLOOKUP($A$5,Prj_list!$O$6:$Z$7,2)*'2012 HR 배정표'!AY16)/HLOOKUP($A$5,Prj_list!$O$6:$Z$7,2))=TRUE,"-",(HLOOKUP($A$5,Prj_list!$O$6:$Z$7,2)*'2012 HR 배정표'!AY16)/HLOOKUP($A$5,Prj_list!$O$6:$Z$7,2))) -> - | AU18: =IF(ISBLANK('2012 HR 배정표'!AZ16)=TRUE,"-",'2012 HR 배정표'!AZ16) -> - | AV18: =IF(ISBLANK('2012 HR 배정표'!AZ16)=TRUE,"-",IF(ISERROR((HLOOKUP($A$5,Prj_list!$O$6:$Z$7,2)*'2012 HR 배정표'!BA16)/HLOOKUP($A$5,Prj_list!$O$6:$Z$7,2))=TRUE,"-",(HLOOKUP($A$5,Prj_list!$O$6:$Z$7,2)*'2012 HR 배정표'!BA16)/HLOOKUP($A$5,Prj_list!$O$6:$Z$7,2))) -> - | AW18: =IF(COUNTIF(A18:AV18,"-")=48,"",SUMPRODUCT(N(MOD(COLUMN(A18:AV18),2)=1),A18:AV18)/((48-COUNTIF(A18:AV18,"-"))/2)) | AX18: =SUMPRODUCT(N(MOD(COLUMN(A18:AV18),2)=0),A18:AV18) -> 0
